0,7：30准时醒 翻来滚去睡不着 哎呀[泪]此时嫉妒?慕那些自然醒接回笼觉的人@飞的三色堇 @linda牛 @追着耗子的猫
1,手艺不错~赞的嘞！//@范范尼: 统一回答吧[哈哈]：稻花香米洗净用香油泡一小时，水是米的1?5倍，锅就是超市三十块的黑砂锅，大火五分钟后铺上香肠等食材转小火五分钟，浇上李锦记港版煲仔饭酱油[ok]对了香肠是荣华的，至于锅巴要看技术了[太阳]多做几次就有惊艳了
1,啥也不说了，你竟然能在这根管上从四点坐到八点，还不换姿势…@许单单-互联网分析师 [哈哈]
0,我在邯郸的设计公司！他们是这样给电脑散热的！[衰]
0,[晕] 有???
0,【米歇尔体验北京公交，彻底晕了！】北京有个最牛的公交站名，包含了东南西北四个方向，叫做“北京西站南广场东”； 去一趟北四环就更有意思了，安慧桥东，安慧桥西，安慧东桥东，安惠东桥西，安慧西桥东，安慧西桥西...另一个则是最考验外国人汉语听力的报站，叫做“前门到了，请您从后门下车”[衰]
0,[晕]//@文怡:我这儿还有让我提前给自己投资墓地的呢好么？瞬间灭你8万公里远[挖鼻屎]
0,多日阴雨，家里容易滋生不明昆虫，注意防范，有些叮咬后会疼痛肿胀！我刚才就被咬了～[泪]疼尼玛湿了～[抓狂]
1,队旗尽快搞定[嘻嘻][爱你][爱你]80哥最近很开心。各路牛人都一起带着爱心去旅行啦！
1,睡的至高境界。。@张熙 @mia327 @翟猫猫 @我是Selina猫眼 @喵语同萌 我爱小大白，爱贪睡的橡皮[亲亲][太开心][馋嘴][爱你]
1,#维多利亚的秘密#这肯定是墨尔本最好猜的一家饭馆[哈哈] @澳洲维多利亚州旅游局 @司马叉  我在:http://t.cn/zQyATI7
0,//@杨东平: 转发。//@湘南客: 中国又多了一项世界第一：破坏力！//@叶匡政: 再转！//@汪永晨: 还我草原！//@索大爷的想象力: 造孽，子孙后代会记得的//@唐师曾:[怒骂]
0,这个谄媚的小矬子是校长？！北大杯具喽[鄙视][鄙视] //@MiTi沛奇--静逸堂简斋闲人:这个对比告诉我们，任何时候，再高兴也别笑到把喉咙处的小舌头儿露出来，太影响气质了[嘻嘻]//@W红蚂蚁B: [笑哈哈][哈哈][嘻嘻][衰]
1,[哈哈] //@白云卓玛:难为人// @小尹的梦 :转发微博
0,今晚与食神戴龙先生聚在@雕爷牛腩 蓝色港湾新店。今天的重头戏是食神戴龙先生亲自料理压轴主菜食神牛腩。果然不同凡响，牛肉软烂香味十足，土豆焦香软糯。雕爷牛腩春季新菜，又添新花样：活体生菜，带着根须的无土栽培蔬菜，直接撕着吃。春意盎然金刚葫芦娃，真够奇思妙想的，今晚又破戒啦。[抓狂]
0,今天发神经，让朋友用推子推了一个难看的发型[泪][泪][泪][泪]，把我两侧和后面都推没了！我回来看不下去又自己剪了十几刀！！！
1,达喀尔，不错[心]//@ladySSstephanie:睡觉。。。不准不准[黑线] 我可一直开跑车的，要不是意大利人不争气，害得我一个零件等半年，也不至于换成现在这俗货啊～[汗][汗] //@笑疯悟: 哈哈！我天蝎，我如愿了，虽然是公开老年组吧[嘻嘻] //@CMCB张然:什么叫睡觉？国际汽联有这项目吗 //@杜远dy:我爱的WRC
1,好活动[鼓掌][鼓掌][鼓掌]
1,上海人民 颤抖吧！我们都回来了！[嘻嘻]
0,留一个，云龙这里木有网 [泪]
0,地铁里有人吐了！我擦啊！[抓狂]
1,《中国经营报》汽车事业部招聘啦！详见长微博↓PS：本报社紧邻颐和园哦！[爱你]
0,五号线疯了吗？每站停半天[晕][晕][怒]
0,好吧，俏江南整合影视圈 //@郭熙妍:跨界整合，即“赢”销 //@杨迪的甜筒乐园: 湘鄂情与足浴[怒][抓狂]
1,貌似都是针对中国说法[哈哈][哈哈]//@厦门王辉: [哈哈]//@戴维斯康: 犀利！
0,[爱你][抓狂][可爱][伤心][生病] 巨蟹都这么像啊~//@安宇918太利控: [花心][困][可爱][生病][书呆子]
0,你那叫喝酒吗，简直酒鬼//@JenaKwok_7星:最近谋划跟新西兰一个酒庄合作，关系到位后，就有新西兰、澳大利亚、法国、加拿大的酒喝了...[泪]
0,[话筒][话筒][泪]很遗憾地通知大家，因场地原因，原定这周日下午举行的“美丽乡村”旅游推介会延期举行，时间地点另行通知！
1,可爱的小树和小哥哥小姐姐们跳的happy玩的也high！[赞][亲亲] //@童星经纪斌斌:小树给力Hold住全场嗯哈~
1,[可爱]萌
1,办理签证确实很麻烦，找一些免签的地方去度假，那岂不是妙哉。[嘻嘻]度假就上@遨游网 @遨游网99gg
0,操 我发现身高矮 有的还带眼镜的男人都她妈巨傻逼 特别给脸不要脸 还都巨小心眼 怪不得你们都个矮呢 还她妈没媳妇 每天只能回家对着毛片满足自己的生理需求 [怒] 我不得不送你们呀一个名字就是 傻逼
0,[怒] //@俞晓群：回复@北京杨小洲:哈哈，好狠毒的小洲兄。 //@北京杨小洲:拿破仑的失败之处就是忘记干掉俞晓群
1,[哈哈][爱你]爱死了
1,@春雷星座王子  //@我:?????? //@张亮vv:[哈哈][哈哈]//@半步文松--LF: [玫瑰]烽火俏佳人，情深不着痕。支持~[玫瑰]
1,回复@24K庚金:人生路漫漫…与吃为伴是最好的选择。 //@24K庚金:冷无可忍，今晚若不去@风林火山私家牛板筋火锅 吃个火锅，人生简直失去意义[嘻嘻]
0,去你妈的交Jung //@黄晶angela:无语 // @小么司 ://  @夏兔兔兔兔  : 都别上学上班了，路上走的都是交jin //  @thewindwind  ://   @坏皮皮M   ：[怒] //   @薛蛮子   : //   @摄影师丁子   :这社会有多奇怪!!!//    @查立    ：愤怒转发。
0,最爱的影片，最美的容颜。 //@主持人王馨悦:曾在少女时代，幻想过自己是＂茜茜公主＂！[泪][蜡烛]
1,[嘻嘻]//@今儿儿儿:转发微博
1,Repossi...哇卡卡...还要定制得赶快哦...[围观][威武][浮云][酷][鼓掌][鼓掌][鼓掌]???... 我在:http://t.cn/zHdU9Gu
1,[给力][马到成功][发红包]//@屈江雨霏: [哈哈]春暖花开时，请到我的家乡婺源来！//@追风看今朝:婺源美景，赏心悦目。//@水墨婺源: [给力][鼓掌][围观]//@RMDaisy: 回去往婺源路过好了。。。 //@江西日报:中国最美的乡村，山美水美，景秀人更美！秀美江西，欢迎你！[心]
1,相比于应试教育的课堂，这样的课堂，这样的交流，是多么美好。孩童的童真、快乐和天马行空得以肆意地展现。[鼓掌]//@八士巷: 我爱孩子；孩子爱诗；诗爱自然和人类。//@南方分级阅读研究中心:规模越来越大，喜欢儿童诗的人越来越多。
1,#寻觅身边的味好美# 我买的新奥尔良烤翅调料以及烤好滴鸡翅，来尝尝吧，美味无比！@味好美创意厨房 @贝太厨房  期待新春福袋！[爱你][爱你][爱你]
0,133块[抓狂]好贵，我小时候种西红柿，这么多就一两块钱
0,[晕] //@兵通社: #兵关注#
0,“为什么每次我都会被骗？”“什么骗不骗的嘛，我不骗你就行了。”[泪]
1,[威武] 这事儿整的[汗]  //@羊浪花:[哈哈]  //@丛松:[奥特曼] 有点意思~~
0,[悲伤][悲伤][悲伤][心]???
1,Hello。[爱你]
0,"【出门背大包，心理负担重】据生命时报,香港大学和新加坡国立大学联合完成的一项研究，对人们携带的购物袋、背包大小与心理压力、焦虑程度、舒适度等进行调查。结果发现，与""轻装上任""的人相比，拿大购物袋或背包的人，心理压力明显较大、焦虑程度较高，甚至相互间交谈的话题也更为沉重[衰]"
1,今天你愚人了么？还是被人愚了？[嘻嘻]#愚人节总得干点什么#
1,回复@活鱼023:俏江南的问题，实际上是出在内部吧？ //@活鱼023:回复@沣之道杨铁锋:自降身价，菜品价格下调30%；重促销却不练内功；下一条你说[哈哈] //@活鱼023:促销方式也是失败的
0,真巧，这都能遇上，可惜一个都不认识，没法蹭机组车回南山了。[泪]
0,[晕] 这个是Rain最新造型吗？
0,costa超大杯害死人，中午到现在一直不舒服，什么辗转睡不着觉，起床看电视烦[泪][泪][泪]尼玛以后再不喝超大杯坑爹呀[怒][怒]
0,//@格小姐Katie: 拐卖孩子的诛九族[抓狂]
1,几天来刷机数十，上瘾了[哈哈]现改行专治手机疑难杂症，需我帮忙者速来。
1,【夜间雾气缭绕并转阵雨 明天雨转薄云迎佳节】18日17时北京气象信息：今夜雾气缭绕京城，最低气温18℃，后半夜到明天上午有阵雨，雨量不大，午后转多云，最高气温26℃。明天是中国的传统节日中秋佳节，雨雾会对明天上午的交通带来不利影响，注意出行安全；预计明夜多云转晴，适宜人们户外赏月。[鼓掌]
1,宝贝你是最棒的，新年带给大家这样大的开心！[太开心][赞]加油！[耶][耶][鲜花][鲜花]
1,[呵呵][话筒]//@shadow系奥特曼: @被屎爸看到微博名现惊恐万分 凡高摄影的。[爱你]连亚航都帮她卖晒广告甘
1,好消息，我的首页“可能感兴趣的人”升级了，在这里可以方便准确的找到你感兴趣的圈中好友。其中包括：与你拥有较多共同好友(即：互相关注)的人，以及你关注的人感兴趣的人。快来试试吧！[嘻嘻] http://weibo.com/invite/popularity.php
1,[爱你] //@杭州新华书店解放路店:就是明天[爱你][爱你] //@杭州新华书店解放路店:期待[爱你][爱你] //@杭州吃喝玩乐排行榜:11月3日，解放路购书中心举办 “道听途说真好玩--张译《不靠谱的演员都爱说如果》签售会” 张译强势回归，10点空降杭州！希望有零距离接触的你，千万不要错过！[嘻嘻]
1,游老大生快[鼓掌]那什么什么的心你懂的！金龟婿亲要加油嗷！
1,我的最爱[爱你]//@G树嘉:哦！帅！[酷]
1,第五张的眼神太迷离了[哈哈]
1,Foodies...[嘻嘻]
1,回复@?做?DI?血男青年:是的 如果酒店客房允许的情况下，我们会为您免费升级的。 //@?做?DI?血男青年:回复@天津海河英迪格酒店Indigo:意思就是有待遇[可爱][可爱]
0,刚去北京找不到正经工作，去思纬市场咨询公司做兼职访问员，一个月大概800。//@来去之间:大三给联想兼职测试WINCE，一月400[晕] //@amanda730:大一的时候当国际会议的会场助理，1小时150 //@山民主义7seeds:大二画插图一张60元，两百张，画了三本书//@小天天:兼职做网站。。。1.5k还是5k来着。。。
0,想去看电影，想看一部记忆中的电影，想看那么一种感觉[伤心]
0,[晕] //@小风高尔夫:终于明白全运会高尔夫项目为什么门票要2000块了，因为一堆丑事不敢拿出来给大家看呀……平叔，让你的微博飞起来吧！
1,回复@田晓鹏ok:[嘻嘻] 好男人~~ //@田晓鹏ok:我断然猜测是帮助某个mm修的 //@曾老师的生涯小厨:好辛苦[good]
0,#Loli厨房出品#今日早餐，肉汤素面。作为厨娘，一物多用是基础技能，柴米油盐贵，持家不易阿[抓狂] 好眼力的看官能发现，这红汤底是昨日炖狮子头的肉汤[馋嘴]因为是放了冰糖的，所以今天配了微甜的南瓜片，味道相宜色泽又亮丽。再加上鸡毛菜，鸡蛋，稍许雪菜笋丝的点缀。早上一碗，暖胃暖身出门不怕冷
0,太可怜了~@直播五十分 帮忙找找吧，这是个新闻啊，捡到狗狗却找不到主人//@FM94赵巍: [悲伤] //@主持人阿桑:@私享家咖啡屋 @FM94赵巍 @fm94晶晶 @FM94青春 @小丸子的私密生活
1,"好诗[赞]//@黄记煌-黄耕: 一不留神错个字,下次喝酒罚三杯。改天再来[鼓掌][鼓掌]//@朱坤岭:三叶焖锅没吃够，两柄烟斗对嘴抽！[酷] @黄记煌-黄耕"
1,[哈哈][威武][鼓掌]//@败家工兵: @暹罗象泰餐 快送快送！38块的沙拉。。。是不是发一条送一份？我把之前发过的全找出来。。。哈哈哈！[哈哈][哈哈][哈哈][哈哈][嘻嘻][嘻嘻][嘻嘻][嘻嘻]
1,#音乐第一咖#直播间：男女大PK之【男主外，女主内，你怎么想？】纸条平台&微博留言，我们一起聊聊~走着！[哈哈]
0,[泪]//@和菜头:右边，你赢了。//@心动感男孩: 我的城在胃里//@阿布丁C:真可惜……//@和菜头: 你们的城，在地上；我的城，在墙上。//@宁财神: 那些年，我们浪费的一座城！
1,参加、参加[哈哈] //@刘成城:我是没机会参加啦。。。。推荐 //@张向东: 广州深圳珠海，南中国的移动互联网诸英雄，大家一起来聊聊@李韩 @王颖奇 @陈格雷 @高翔 @Hinnywong @傅盛 @刘成城 @黎文的平行宇宙 @骆兰空间 @麦涛e
0,"拿什么拯救我们啊?//@菁制美食:早就听说过中国奶业的最大问题不是三氯xx,而是抗生素的滥用。包括蜂农养蜂也喂蜜蜂抗生素。[衰]"
1,恩 就是没有乔家大院宣传包装做的好一些 一部电视剧 路人皆知，希望这一部纪录片能让大家认识一个不一样的康百万！！ //@琉影间:回复@王红甫:[哈哈]确实比乔家大院还大，里面摆放的东西都是文物啊 //@王红甫:这个地方 据说是比乔家大院还有看点 一直没有机会去 好好看下[嘻嘻]
0,想起小时候我爷爷老的走不动时给我说的一句话我现在还记得特别清楚：要是能出去走走就好了。因当时小，有心扶爷爷出去可没力气，也没告诉父母，至今想起还觉得心痛。我愿意给老人伍佰块钱资助她到街上走走！请有影响力的 @钢子 大哥帮忙。@一个菜根的奋斗史 兄弟关注！谢谢！ //@这不是历史:[泪]
1,通过学习，形象改变了，也自信了很多，自然就年轻了！[哈哈]
1,"你送我呗。别砸了，破坏东西不好。[哈哈]//@oldtony叶航: 据说上海也是啊,可是,我开始有些讨厌苹果了,哪天把我的苹果全部砸烂,有响应的我们一起砸啊!!!//@依珂: 谁能告诉我一下，苹果到底有多好？//@可乐好: 至于么？//@徐腾飞:畸形的社会，为了部电话都疯了，不可理喻！"
1,欢迎Kevin老师入住#Dusit Thani Maldives#，有没有度假美肤心得传授给我们呢[嘻嘻][嘻嘻][爱你][爱你]
1,shopping day[哈哈]我们这种在大西北的人们一年就买一次的~
0,饭冷了，啃螃蟹算了[晕]
0,老师来了你也不叫我@渠小米儿 ！上课睡觉被老师逮个正着，好?[抓狂][哼][衰]
0,这。。。那么那么深[泪][泪][泪]那。。。[衰]
0,回复@SuperGirl_苗小慧:[可爱][哈哈] //@SuperGirl_苗小慧:没事瞎艾特啥！跟我有啥关系么？？我是女明星？你又不是不知道我立志做大房，绝不当小的。[哼]交上你我就没谨慎……死鬼，等哪天爆你个料。[打哈欠] //@嗨辣老孙:又一个，[抓狂]吕叔英明！[威武]俺脚着这个该叫英明哥！[嘻嘻]
1,#等谁主鱼# 这个夏天，比水煮鱼更麻辣、更劲爆、更带劲儿的，那必须是打鱼重磅推出的全民参与活动“等谁主鱼”。有木有想过，如果，给你一个机会，反客为主，让你来主导《打鱼晒网》，你会让节目变成什么样？发挥你的想象，施展你的才艺，Come on北鼻！[鼓掌][鼓掌]报名表下载：http://t.cn/zQ3pQ6w
0,@杜老爷01 [泪]
0,宝子你哭了么//@Halona陆宝: //@流年似水l: [泪]
1,这个可以考虑！[嘻嘻]//@游局网:[馋嘴]游小编们表示要求快递回来大家一起尝尝。。[馋嘴]
1,[鼓掌][鼓掌]//@弹指间行摄:[亲亲]谢谢小编分享！
1,身未动，心已远，图书馆才是你永远的家啊！[哈哈]
1,?～～?把他怎?了？煮了?是烤了？ //@李明依emi:回复 @KwanChiu:?好?好?~?照片一??就?！[哈哈]?? //@KwanChiu:麻?了～～?小威力手下留情喔～[握手]
0,伦敦全方位秒杀一切地球城市。//@北京乌鸦嘴: 布拉格，巴塞罗那！可去全了又怎样？//@佳姐的猜想:维也纳和檀香山，加油！ //@灰锅L:还差三个 //@晶Sabrina:只去过一半[泪]
1,@我是奥特曼?Ss 感觉很像你的样子，哈哈//@樱桃昕就是张昕: 正穿着睡裙满屋子得瑟呢[偷笑] //@倪舞?:哈哈。。。//@何辉_传媒大学:为南方鸣不平啊[抓狂]//@经典丶微小说: 太形象了！[哈哈]
0,眼看芝加哥的国际航班就要飞了...我却还在堪萨斯机场...说什么好呢...已经老了 非常淡定...[衰][神马][浮云]
1,//@沈逸:当美国和欧盟都没有现钱，俄罗斯有钱乌克兰不敢拿的时候，缺钱的乌克兰能够找谁要钱呢？虽然嘴炮党成事不足，但对潜在大金主的判定，至少和嘴上功夫一样厉害的呀 //@?心潮澎湃?:中国都投了弃权，乌克兰还亲热的说理解理解[哈哈] //@沈逸:重新去看看马歇尔计划，只能说美国真的是衰落了
1,嘿，这么热闹，还让我免费送画？该送花成么？ //@杨晓燕: 回复@Ms_Heart: 哈哈！[耶] //@Ms_Heart:回复@杨晓燕:杨总终身量身定制作品，公司随要随画，花间堂免费送画~ //@杨晓燕:回复@清风逐尘刘秀焰:[哈哈][害羞] 开心哦！隆重推出画家 @Ms_He
1,[鼓掌][神马]
0,//@武内树_LK:汗和奥康纳???汗照剧情死了???奥康纳真的死了???[泪]
0,我这个白痴，看错登机区域，跑了大半个候机区，差点飞不了[泪]
1,没事没事。等待新剧出炉[爱你][爱你][good][good]
0,灰灰生病了[泪][泪][泪]
1,//@Cherishlinlin: [嘻嘻] //@麦云根521://@核桃是那个核桃: 可爱的叫兽 //@大米不是大米饭:好羡慕这种会弄手绘漫画的人，喜欢谁就画一堆贴满整面墙！//@我们都爱重口味:手绘《来自星星的你》金秀贤Q图&表情[可怜]，都叫兽要被玩坏了呀~~~[熊猫][花心][嘘] #叫兽辉京谁更有钱#
1,这个人就是俺嘛[哈哈]//@BYLING巴伶婚纱: 右下角男士...那个熟悉的红衣服和手链，这个先生是谁呢[疑问]@吕一品718
1,[鼓掌][鼓掌][鼓掌][花心][钱][钱][爱你]
0,[悠闲][抓狂]又吃“葵花鸡骨架”和“香滑黄埔蛋”。正！
0,[晕][汗][吃惊] //@杰克波比:QAQ//@进击的巨人官网:QAQ//@赶着毛驴去纽约: QAQ //@笔寞:QAQ//@袁删姗: QAQ//@一只学?: QAQ//@让你变幽默: QAQ
0,卖萌着陪我睡觉可还行，[心]你也终于快长大成猫了，不再是小煤球了，真舍不得。[泪]
1,@U28足球队 两位中后卫夫人之一，红衣问：“@??兔拉拉 怎么样了？什么时候生？男孩儿女孩儿？”我：“大年三十儿住院待产，女娃娃[嘻嘻]”红： “哟！怎么知道的？”我：“照彩超...”中后卫夫人之二，扭身灰蓝衣@qiqi-stella ：“哟！连名儿都起好啦？赵彩超？挺好听的，但怎么姓赵啊？”我[抓狂]
1,虽然送的比较晚，但是新出炉热乎嗒！秘制喷香烤鸡肉大装有些孤独，自己搭配泡菜[嘻嘻]嘿~泡菜烤鸡比萨味道好极啦！[赞]
1,"//@BIGROCCO: I would like to take ""Binge"" out of my vocabulary and life! [哈哈]"
0,Tバックのキティちゃん？清?派だと思ったのにぃ[泪]
0,?........你的意思是.....我之前?我不喝咖啡的！[失望]
0,我说我最近牙疼好些了呢[泪]奶奶的！//@老沉: 转发微博
1,回复@烟沽野鹤: 那个夫复何言也不熟悉啊！[怒][哈哈]//@烟沽野鹤:回复@好书吧-老板的娘:谁说不见了啊，俺还不太熟悉微博这玩意儿，所以上来的少哈！
0,@刘峥 额，周末又要长肉了[泪] http://t.cn/zWcZWD0
0,回复@山东卫视李庆宇:要买！一定要买！奶奶滴！我要疯了！[抓狂]照着一万块钱滴左右买！到时跟我去选个！领导在不？千万别再催我了！不说了，我得赶紧开写了。今晚是个不眠夜！ //@山东卫视李庆宇:回复@山东卫视术庆:我操 我觉得等这期片子一晚最重要的就是先去买个超级本
0,同病……//@大袖遮天: 我记得住名字记不住脸…… //@千重雪:我也病了~ //@丫丫爱苏爱招财: 一直在病着啊[泪] //@90后波蜜通心粉只爱一位60后大叔:好吧 我只记得住人脸记不住名字[?] //@译夜有风: 原来这是一种病 //@曦幽仙速度滚去轮回吧: 。。。。。。 //@凤凰鱼妹妹:。。。我这病都病入膏肓了
1,今天跟你说：感恩节快乐！[蛋糕][鲜花][花][咖啡][酒壶][酒][茶][阳光][爱心传递][心][巧克力][亲亲][抱抱][可爱][爱你][蛋糕][蛋糕][蛋糕][蛋糕][蛋糕][蛋糕][蛋糕][蛋糕][蛋糕][蛋糕][蛋糕][蛋糕][蛋糕][蛋糕][蛋糕][蛋糕][蛋糕][蛋糕][蛋糕][蛋糕][蛋糕]
0,回复@邵雪云golf:不是去????[哈哈] //@邵雪云golf:师兄，你把我给拉下了[泪][泪] //@蚝爷:带着 秘制金蚝皇，广州找酒配，有的举手，沙面一号见
0,回复@龙云飞-cq:不准吧! //@龙云飞-cq:忘了@陈妍 你懂滴哈[哈哈] //@龙云飞-cq:发过一次，再见再转。@花非花2013 @谢小嘤  //@倚蓝2012: [泪][泪][泪]
0,[抓狂] //@蛀?momo：@恶魔球球 黑天使。。。[鼓掌] //@我们都爱重口味：想当天使的人，没人阻止的了[汗]
1,@come活色生香go 杂志已收到 非常感谢[可爱]
1,[威武]//@染香姐姐: 想想确实如此。//@格洛里亚徐: 好像康熙和吴三桂在成都租界抢王县太爷是么？ //@仆固-怀恩:[哈哈] //@叶克飞:这是我今天看到的最有爱的微博啦。哈哈
1,#新品上架哦#[笑哈哈]即是触控笔之余，还是随身圆珠笔！一笔两用省空间易携带！还有耳机塞功能~~~一个价格三个用法，还不够满足？！[哈哈]//@晓白de世界: 我也很喜欢，而且在用，哈哈[偷笑]//@方松晴焕:好可爱啊[花心]我喜欢
1,回复@秦庆瑞:[咖啡] //@秦庆瑞:恩，多谢关心，呵呵，洗完热水澡了，舒服啊！[哈哈] //@还没睡醒的龙:赶紧洗个澡，别着凉感冒了！
1,【城市之音四川台FM102.6】城市之音 #2013校园迎新#第九站@西华大学官方微博 。听完串烧《爱的故事》，再欣赏一段《海底总动员》的原音再现，更有现场近景魔术！节目真赞！[鼓掌]@西华大学广播台
0,回复@乌镇西栅台客栈--阿麦:征求店员！处理点单、接待、料理等工作的店员！有兴趣的火速来报名[兔子]乌镇西栅景区内台客栈台湾小吃 //@乌镇西栅台客栈--阿麦:专业的我都快找不着北了[晕] //@乌镇刀哥:乌镇台客栈WANTED！客户关系处理与维护管理师！台湾美食研究所研究及操作员！[兔子]
0,啊，不告诉我，我9点就来了，我的停车费[泪]//@狮子座申海涛: 北分周末加班10点到 //@微博爱厨房:回复 @BobbyV :还真被忽悠过，有一次周日来了，20几个人，我一天就接了一个无关紧要的电话，坐那打了一天盹，又倒休一天，我也不开心，公司也不开心。 //
1,太可爱了 //@海小龙TimeOut:[哈哈] 喝一块钱的好不好//@北京吕辉:哈哈，这个可以有。[呵呵]
1,看起来像是百度和谷歌对掌之后，百度就医时拍下来的。 //@朱君-Jason:好像骨折了的样子…[哈哈] //@Iconfans:咩哈哈哈哈！这才是真正的X光，这是谁家的掌啊？
1,回复@摄影_瑜伽导师_芊树:战术，一切都是战术，哈哈 //@摄影_瑜伽导师_芊树:回复@还没睡醒的龙:[哈哈]
1,嘻嘻，谢谢亲一如既往的支持，好运就会悄悄的降临哦[爱你]
0,[泪] 还能说什么呢？这样的爱情值得祝福~
1,好可爱的名字[可爱]
0,[泪] //@福气啦LL恩恩:真心酸。。垃圾主人不配拥有贝贝这样懂事的孩子。
0,在吉野家的地上发现一只悠闲的大蟑螂[汗][晕][生病]
1,#我的美食日记#非常可爱[心]的维尼芒果芝士流心蛋糕@小金私房蛋糕 大块的芒果，清新的芝士融入了芒果泥在口中慢慢的融化开了.......天然健康的食材、低甜度而完全不腻让人禁不住一扫而光[爱你][赞]@Style-Cafe @美食美刻
1,#无国界万花筒#远在不列颠北部的苏格兰人在新年午夜来临后，会歌唱诗人彭斯所作的《友谊地久天长》，新年造访主人家的第一位客人叫“第一只脚”，“第一只脚”应该是具有一头深色头发的男性，而且他应该象征性地带一些煤、牛油甜酥饼、盐、黑色的小圆面包和威士忌，这样主人才会有好运噢[哈哈]
1,世上本没有什么大不了的事情，结束意味着开始，风雨意味着彩虹~~by the way我要去住~~[鼓掌]
1,我有一小桶哪[哈哈]
0,//@宁财神: [怒][怒][怒]
1,回覆@东林顾晓绿:?心?啥？以後用毛??你?。想?年，我??我的作者北塔兄刻?名印呢。 //@东林顾晓绿:回复@编辑郭强:伤心了 //@东林顾晓绿:那么给我寄的样书里面写信了么？ //@编辑郭强: ?兄??也收藏啊？早知全用繁??你?了[哈哈] //@导演刘猛: 祝贺
1,帅哥[嘻嘻]//@琳家有女初长成: 意大利男模队[酷][酷][酷]这届欧洲杯阵容整体质量有所下降啊 @曼联baby @赵晨Kevin7 出机场图了
0,谁能告诉我为什么我家里门窗关的好好的早上七点半卧室里会有一只鸟在飞！？？？吓死我了，一共那么大点卧室，它不停扑腾…?我盖着偷摸开了窗它也没找到出口，难道它还不想走？到底怎么回事？我怎么办？贼害怕！是报喜鸟还是急眼的家雀？茄丁保护我！！[抓狂][抓狂][抓狂][抓狂][抓狂][抓狂][抓狂]
1,有木有顺便想想小枣呀[可爱]
0,从早上到现在，头一直是昏昏沉沉的。昨晚回家的时候，我还在翻祖祖的照片给周贱贱看，然后就接到电话说祖祖病重，要做好心理准备。我从不信鬼神，这一次却觉得冥冥之中是有什么联系的。[泪]
0,回复@新西兰王熊猫:熊猫一定要摆好pose大家要围观拍照[偷笑] //@新西兰王熊猫:[衰]都来围观熊猫，我准备收门票了～
0,回复@360手机卫士客服:卡还没补办，短信也还没收到。天，360比110还周到[悲伤] //@360手机卫士客服:亲，不要着急，现在您丢失的手机sim卡补办了吗？安全号码有没有收到对方的换卡短信？
1,受教啦！多多学习！养生之道！同居中。[哈哈][爱你]
0,该措施显然不力[怒] //@历史迷思:转发微博
1,主要是网友的评论把我给笑翻了，看一个笑一个[哈哈]
1,[太开心]果断马克回家实习之~
1,加油[嘻嘻]//@相声演员周鹏飞://@嘻哈当家主持小宝:要买票，找小宝！[嘻嘻] //@嘻哈包袱铺官方微博:金霏曦比专场就在6月14日朝阳9剧场，买票找@嘻哈当家主持小宝
0,明天是又要上班了?！！????好吧[委屈][悲伤]
0,"我还没去过云南和四川[抓狂] //@盘丝大仙:哇~~ //@阿雅:好的?景,?需他?求～[太?]"
1,[哈哈]//@胡斌09: [哈哈][哈哈]
0,礼物买少了，不够分[泪]
1,[哈哈]//@panzerbest://@绚丽在于经历:哈哈 //@石头-包括钻石:[哈哈]报上你的经纬度//@north73: [哈哈] //@老榕:中文太烦了哈哈
0,没我 //@火狐传媒-老李:我呀白了羊了//@燕赵贾俊秋:我最可能是富婆[鼓掌]钱，来呀[酷] //@大妈时代1980: 奶奶的，我啥时能成富婆？[泪]不准嘛[挖鼻屎]
0,[泪]下辈子若是女孩纸就算不读大学也不学理，更不学那坑娘的数学类的 //@arrcmis:[泪流满面]往事休要再提。。我要变身文科女生！！[偷笑] //@sunshiny韩蕊: 果然是精辟呀，理科女生[泪流满面] //@味小精小蟹: 理科女生！ //@实用小百科: 有梦想，一起二！
1,回复@深秋小晔:[悲伤] //@深秋小晔:我有手机拍的，不过还不错哦[哈哈]
0,无语了[怒] //@王利芬:天！我也要买牙膏回来！ //@何刚:羞愧！前一阵去美国出差忘带牙膏，在当地买了新的，没有泡沫，口味大异，刷后清新，就悄悄带回国，没好意思说。原来差别巨大！
1,#中国好味道##吃货最爱的餐厅#天津榜单：青年餐厅夺冠[给力][din厉害]易宴位居第四[din赞好]非常感谢大家的肯定与支持！我们会努力为顾客 为大家做的更好！青年餐厅有你们我们很幸福！[太开心][心][可爱]
0,完，好像中招了[汗]喷嚏鼻涕咳嗽[抓狂]
1,[给力]//@汉拿山集团: 来一盘才过瘾嘛~[哈哈][哈哈]
0,坑爹的百度地图啊！百度一下从双龙到手帕口桥的公交线路，居然建议乘坐k102次列车，把我发往浙江，去趟手帕口桥全程25小时[泪]。
1,你在这个位置上过课么。[哈哈]（转）
1,让中国女性可以更美！我们任重道远！[拳头]//@丰台教育工会: 加油//@静老师: 加油！[鼓掌] @形象顾问_颖子 形象改变你我，形象改变中国！
1,好基友，一辈子！最近这些男人都咋了[疑问]你俩能再肉麻煽情抖肉一点儿不？[偷笑]@王宝强 你看看，老徐要抛弃你了[哈哈][偷笑]//@黄渤:在我心中你是该飞翔的！下次我来做放飞的人好不？[偷笑] //@徐峥:黄脖老师，请问徐筝是谁啊？
1,牛逼//@经典英文语录: 这哥们太牛了[哈哈]
0,巴黎，曾经是我少女时期的梦，直到现在一直未完成的梦…希望那座城市不要变成恶梦[泪][泪][泪][泪][泪]亲爱的兔侠，抱抱…咱做个3D动画容易吗？倾家荡产，四处奔波…不过，我坚信，你一定会成功的！巴黎的恶梦将会成就你的美梦！[给力][给力][给力]大可兄！挺你！
0,早不在了，换了好几拨了，那地方现在是牛肉面馆。南礼士路口，西城孩子的牙膏水啊，好怀念[泪]@Sukey糖不甩 @月光冰棒 @空中的CC  //@改个名字就没人知道我是小墩了吧:这店还在么？//@天使-娃娃: 阜成门哪儿有啊，我怎么没印象？是南礼士路吧？
1,深夜放毒，看看什么是真正的土豪装备！@飞思相机 IQ280 限量版，阿尔帕机身。@潘石屹 老大新买的设备，也爆弱了，对不对？完美，极致。欢迎PK。[嘻嘻]@北京锐成科技 @锐意网官方微博 @佳琦-Jackie
1,奖牌在哪里？[嘻嘻]
1,铜雀台，刘亦菲。今夜将因?而难忘，我无法掩饰对?的迷恋…感谢造物主把?恩赐给这个世界 。做一个花痴般的菲迷挺好！[可爱][害羞] 我在#美亚大光明国际影城# http://t.cn/zOglcR6
1,金门湾大酒店欢迎各位的光临！[鼓掌]
0,哟！这孩子想家了呀！ //@鹿痴鹿迷_鹿大晨:[泪]//@鹿爷我能坐你床上不: 哎//@清和肆月_April:TAT宝宝呀@我思牛鹿逆袭的情绪好比度日如年 //@Deer樱桃殇_祝鹿晗0420生日快乐:#鹿晗# #luhan# QAQ //@焚此:这样一说忽然就TTTTTTTTT//@昔年萌鹿: #鹿晗# #luhan#我也get到惹[泪流满面][泪流满面][泪流满面][
0,时代真的大不一样了 我们当年好像都是苦逼理工科的出国占大多数 //@Fast-is-Slow-:力争当1%去[泪]
0,[泪]膝盖好疼……我还是家里装着360管家和手机卫士和手机助手，公司装着腾讯管家的极品LOW货//@高端二气上档次的章鱼烧咩: 我以为，只有我这样没主权没节操[偷笑]
1,桃花岛两比剑人！你懂的！[哈哈]@冯显平0121 @张海龙835 @海棠居锦徽邓超 @海棠居冯美玲 @张端宝 @海棠居的微博 @海棠居邓延富
0,你大爷的！我就。。。[抓狂][抓狂][抓狂] //@Athena公桉雯:刚看到这条微博，得了吧大婶，您别把人丢到北京城外了....你熊猫都搞不定，去什么野生动物园
1,[嘻嘻] 我在:http://t.cn/zTKJ2Bz
0,[汗]//@李开复:[衰]
1,读乔布斯还是马克思？[哈哈][哈哈][哈哈]//@蜂巢书吧主人南霖: 给孩子和自己点亮明灯，从读名人传记开始。
1,这样拍照也不错哟~[鼓掌]
1,#名厨创意##月球车玉兔#原来@月球车玉兔 是满汉全席唤醒的[哈哈] via@血糖R
0,都木有去过，难道木有艳遇过！[抓狂]
1,没有呢，这才几点//@洪顺曲艺社郝杰:王老师还没休息？//@王加林2011:还真是这意思[哈哈][哈哈]//@洪顺曲艺社郝杰:两位美女加萌光棍节“脱光”专场@洪顺曲艺社要火！@嘻嘻哈哈胖胖嘿嘿 @相声演员佘岳东 @ 刘有凯@郑宁梦旅人 @喔蜗牛
1,回复@岩语茶声:茶缘乡缘，同欢同乐！[鼓掌][太开心] //@岩语茶声:[蛋糕][蛋糕][蛋糕]生日快乐
1,[嘻嘻]愿意来图片里蓝天白云下的云南华侨城么//@咪呜不是猫: 来云南感受蓝天白云吧
1,挨呀我去~！炫富了炫富了！一百万！一百万呀！谁要谁要？有想傍富婆儿的帅小伙儿赶紧赶紧哈！[嘻嘻]
0,//@全球最热门视频: 古惑仔重聚首――《消失的光阴》MV，古惑仔那几个人都齐了，回忆全回来了，看到泪目[泪]
0,太有才了！//@法律及其价值://@满洲遗少: //@官场写真集: [晕]
1,【罚】一信徒犯了罪，说：“神啊，请重罚我吧。”于是，这个男人就活到了100岁。[嘻嘻] 《细小》第一篇《独角仙和少年》→ http://t.cn/zWu72uW
0,啊。。。//@mihuar: 真的假的@villyzuo @兔兔佳一: //@招财花猫: 可恨！可悲！[怒]
0,看你说的，我来的心都有了！深呼吸深呼吸… //@徐徐:[伤心]幼时的厦门记忆渐已模糊，美丽二字却从不曾抹去！不公平，为啥只招剩男，我拉着策划部“波伏娃”童鞋的手手一同抗议，要求同招剩女！
1,必须支持我的兄弟[威武][威武][围观][围观][鼓掌][鼓掌][鼓掌][鼓掌]
0,我多年树立起来的美好形象啊[泪]
0,//@红掌柜:[赞] //@王一雄_白粥:傻逼永?是傻逼 //@纯洁的小阴谋家:[泪][泪][泪] //@刘博伟小丑_S_DON:[可爱][可爱][可爱] //@行者91号_邢岩岩://@V-V-V-N: 什么都不说了//@Jordan23_Duhast: 国安最牛逼~！//@孙炫炫炫: 北京精神 //@???仟?:[鼓掌][good] //@Mademoiselle糖:[鼓掌]
1,欢迎大家收看[嘻嘻] //@刘金霏:就在今晚，欢迎大家收看
1,回复@易伟:[爱你] //@易伟:cant agree more [神马]
1,会去的[哈哈][哈哈]
1,[嘻嘻][抱抱]
0,今早看微信 发现一朋友的早晨蜂蜜成了一只蜜蜂的琥珀 这到底是幸运还是不幸啊 我是说蜜蜂[晕]
1,[哈哈]//@田园-wind0ty: 胖鸟。。。//@开水族馆的生物男:主要是最初牛吹大了，其实遇到飞鸟袭击，飞机都可能被撞裂玻璃的//@第十三生产队小牛: //@藤纹水族Paul_Sun: //@曾稚人: 它一定是遇到了“铁鸟”，很?那种......[嘻嘻]//@第一现场微播: 铁路总公司的脸早被她的前夫丢了！
0,没错！哪里禁得起30米呦~[泪] //@AnnieWang茗左:有些时候是，三米开外雌雄同体，五米人畜不分。
0,这也太可爱了吧[抓狂]有狗的人来雅乐轩聚聚吧！ //@Alucardrew: 这是防爆犬吗[嘻嘻]
0,@?想家林志?  ：后面是谁？@小沈阳  ：我的眼神再恨你！你为什么这么年轻[抓狂] [抓狂] [抓狂] [抓狂] [泪] [泪] [泪]
0,[衰]看看，武汉人民水深火热中啊，恩施会这样？@小倩的狗窝
0,//@梦想童年2012:[失望]怎么会发生这样的事
0,[泪]泪奔~~你敢消遣我。。。。
0,愚人节最头疼的就是想怎么骗人。[抓狂]
1,#北京美食地图#澳门小厨，新东安5层，云吞面，豉汁凤爪，蛋挞超级赞！豉汁排骨饭香，双皮奶爽滑，奶茶好大一瓶过瘾。@京城美食探店 @美食推 就是饭点排队，周一到周五的下午茶时间75折更划算！[哈哈][哈哈][哈哈]（@爱玩的小麦  投稿）
1,[哈哈]同意最右！ //@杜子建:神右？→→→ //@邱军雅: 因为她们不这样搞会更惊悚。
0,渔具店和房产营销貌似无关。。。其实还是有些关系。。就是都是买卖。。。嘎嘎 //@齐迹无处不在:回复@游局网shapple:在家放着呢，全套的钓具，我家之前是开渔具店的。 //@游局网shapple:回复@齐迹无处不在:[失望]基本上连鱼钩都不知道在哪里呢 //@齐迹无处不在:收获颇丰啊 //@钓鱼之余:
1,[哈哈]  //@Jovi??影:这是几声啊？意义不同滴……
1,You know u love me...??念[爱你]//@YYeTs人人影视:[可爱]和大家说明一下哇，我们将大结局和访谈篇合并在一起，然后压制成一个完整的成品啦，访谈篇穿插了很多经典剧情回顾，超级精彩噢，希望大家喜欢我们会大家精心翻译的访谈篇，访谈篇翻翻，校对，后期都很辛苦很用心的噢！
1,哈哈哈，客串一枚疯狂的怨妇[哈哈] //@平凡中的不平凡吕启彪:这是在哪里拍戏呀？有机会我也去看看。还挺上镜的。
1,天生我材必有用，千金散尽还复来[嘻嘻]，晚安~
0,一到过年，海口政府所在的国兴大道就成了卖花大道[衰]这些小贩子干脆进政府去得了
1,舞蹈――挡不住的诱惑！音乐和电视切换都很棒[鼓掌]赏心悦目啊[微风]
1,Shana 来了[好激动]，一起去看看吧！[太开心] @上海正容 @上海中原汤丹 @上海桌球疯人院BOBO @上海桌球疯人院I兔子
1,小米成功地让非米粉也感觉到小米的存在：今天米粉来了[哈哈][哈哈]//@古哥在线:不用……//@王以超: 这么玩啊。。。//@陈炯-: 疯了，太危险了
0,一出生就会应该，上学时达到了炉火纯青。[嘻嘻] //@沈慕晗:上学时候就有这技能么？@lily赵雅莉  //@一蠡: 我承认我对着镜子半天也做不出来，就像高中时想学周星驰用舌头舔自己鼻子不得。坤儿不是一般人，难得又这么帅。[泪]  //@小毛羊:[哈哈]
0,人手一副这么大的有意思吗？...满屏了好吗？...[怒]
1,皇马签名球衣拍卖瞬间，感谢@今晚经济周报VS马士雯 帮我们记录下这一瞬间[爱你] @暮色_貌似无盐 @麻辣小牛
1,水瓶（缺钱）//@海外美食家: 十二星座现在状况[嘻嘻]
1,#80公升极冷寻暖#一到图里河，@行者橙子 就问这边有没有「大保健」，当地人就带他来这里，指着这冰柱说「年轻人，这就是大宝剑了！厉害吧！」[哈哈]
0,[泪][泪][衰][衰]今天我也被@碧浪  调戏了，求火力支援！！！
0,亲爱的儿子下午做手术，工作原因我走不开没去医院。虽然是个舌系带的小手术，但做完后听说创口还是比一般手术后的小朋友要大一些，真是心疼啊。[泪]希望能早点恢复。
0,日本人今天应该很高兴，因为他们几乎看到了一个不战而胜的国家：中国大陆。[衰]
0,少女时的你笑得最灿烂...每走一步都很艰难，放松点...不瞒你说，听这歌我不争气的流泪了。一个老酒般的老男人，一个撕心裂肺的七年，谁又会轻易放手[泪]你的痛，我懂！时间是良药，新恋情也是良药。爱谁谁，爱说说，对得起自己比什么都重要。
1,特别不容易啊！昨天今天微博上都被AT爆了，现在才缓过神来回复，累了很长一段时间，今天开始准备好好休息下了，工作室到对外开放还需要一段时间，但是太多朋友们惦记着，所以昨天就举行了一个内部试营业的品鉴活动，产品只花了两天多时间做出来，确实有点粗糙，大家见谅啊！真心希望能有所成！[哈哈]
0,直冒冷汗，我..怎么了？[泪]
1,卧擦，你们两个好基友，在搞神马！！！//@都市放牛: 好吧，统一回答，贱人张代班《非诚勿扰》的首次播出日期是3月2号，也就是本周日。点评风格依然保持贱格，在回答他跟@宁财神 的区别时说：“他有钱，我没有;他有老婆，我没有;他长得丑，我没有!”[哈哈]
1,重新上路。[哈哈]
1,@落下绿 叮!听到了木有~ //@milkaaaaaver:哈哈哈~~好可怕! //@?志祥: 要注意喔  //@?元?小?:[?力][偷笑]  //@??甯Ann :你真的很好笑耶[哈哈][哈哈][哈哈][哈哈][哈哈]
0,[怒] //@魔域无疆：//@薛蛮子：枣庄，这个出铁道游击队的英雄城市！六岁孩儿下狱？女儿上访而死亡？为人民服务的王书记请给百姓一个交代！
0,看到这张照片 想起一位好朋友叫耗子 由于玩微博微信 聊天对象问题 惨遭老婆双规 在狱中大义凛然的他 受了不少苦 可当拷问到 以后你还敢偷吃不 耗子只是露露小牙笑笑 血再滴着[泪][泪][泪][哈哈][哈哈][哈哈]
1,[害羞]//@管理界刘琦: 老刘，你太有才啦！[good]//@刘钢涛: 换个角度说说说呗：和老公吵架赢的，老公工作繁忙了；对老公冷淡的，老公上夜班了；不给老公零花钱的，老公有小金库了；不让老公开心的，老公潇洒的很……[哈哈]
1,//@哈戳戳:我欠全?人民一??。 //@福照楼主:我欠自由和民主一笔来自勇气和胆识的原始股本金，我欠苦难的签字，我欠辉煌的日期，我欠书写的纸和笔；七兄，债多不愁！[哈哈]
1,不过我一般都周日才看 因为这样第二天会比较开心 吼吼[可爱] 娱乐档节目我就不懂啦 我很少看祖国的电视节目 还是日本的好看 但是但是最近我爱上了新闻联播 感觉国家特别爱我们 我们生活特别幸福～耶
0,[怒骂] //@海耀律师万文志://@花果山布衣: 是检察院不起诉？还是公安机关撤销案件？//@海耀律师万文志: //@杲杲熊: [呵呵] //@石讷shine:世上才一日，洞中已千年？
0,MD...请了个老实到拖地拖三四个钟的保姆我真的受伤了[泪]。我去洗完车办完银行卡买完菜再回来做完了饭，她才优雅地拖完了...[泪][泪][泪]
0,打工者们好像都这样[泪][泪][泪][汗]@权金城-徐艾婵 @武汉权金城韩国烧烤 @权金城市场总监-吴楠
1,#美食推精品专辑#【搜寻河北经久不衰的老字号】小学中学高中大学的各位小伙伴们都到家了吧？终于可以吃到老妈做的菜了是不？亲们还记那些年和爸妈一起去过的老字号吗？是不是有种特别的情感呢？趁着寒假在家重温一下小时候的味道吧[可爱]。详情请猛戳：http://t.cn/8F5NFTN
1,[抱抱] #有奖活动#Bone八周年庆活动第三天，亲亲参加了吗？！小丸送出个性化DIY侠客U盘、手机充值卡及充满涂鸦随性风格的乱线超纤收纳袋，想要的举手！[耶]
0,又来了一只[衰]
1,[哈哈]  //@封新城:还真像。
0,"QAQ//@洗?少女: QAQ..//@风吹鸡巴蛋打颤: [泪]""以前咱们说定了那么些事，我还想着一辈子都算数呢。""//@陈轻歌: 啊"
0,睡了一天，吃什么呢[抓狂]
0,原来苹果的插座如果有个绿色的原点标示就表示非原装！所以是我的牛排是原装的，5不是原装的！！[泪][泪][泪] 我在:http://t.cn/z8oLRix
1,活动最后一天了，嗯，阴雨更思甜哪[爱你]
0,到底杭州什??候才能有好吃的海?！！[泪] //@李小妮:立马精神抖擞了[怒][怒][馋嘴]
1,今天确认我们北京第十二家新址合同、下午再看俩点、伙伴们辛苦了！[嘻嘻]
1,加薪，奖金，不要太开心哦~~[哈哈] 请公司职工吃饭唱K中~~[太开心]
1,哈哈，那就睡去吧！[嘻嘻] //@王纪弦: 玩更打不起精神，好吗…… //@张婕J:一想到玩就不这样了，哈哈！了解你[嘻嘻]
0,感人！[泪] //@刘栋哥哥://@何昊远: [泪]//@舒阳的微博: //@薛的峰: //@杨锦麟: 苦命的孩子，催人?下！//@Luna乱乱: [泪] //@蔡嘉育Will: [泪]//@多啦厦门: [泪]
1,亲，有漂亮的旗袍没机会秀吗? 苏西黄的旗袍大帕“夜上海”都准备好啊![爱你]//@伯莉:啊！我的旗袍...去年穿了一次...今年还一都没穿呢！//@馒窄深巷小掌柜: @陈龙凤VIC //@shyann827:想去啊想去，为了我的新旗袍~~~[得意地笑]
0,今天可能要加通宵班的老子你们伤不起啊伤不起....[泪] ...
1,回复@尚客茶品:谢谢！ //@尚客茶品:最近厦门的流量控制有点变态，我们都在微博上陪你哦～[可爱] //@水不舍:上机后被告知，还须等！ //@水不舍:延误一小时，飞机要起飞了！
1,期待小白兔们的光临！！[爱你]
0,化悲愤于食量！开吃！[怒]
0,怎么都要转发的！ //@田太权: 谢谢你们记录即将逝去的历史。老爸昨天说，我活不了几年了，我要抓紧写完第二本书。八十多岁的老爸，与生命赛跑。[泪]//@丙丙邱说相声是逗哏:感谢@田太权 老师对本片的帮助。我们能够记录这门文化是我们的幸运。望这门文化不会随时间消逝。
1,谢谢亲爱的你的安慰！心结还是需要自己解开的，我想我还是没问题的，哈哈哈！我这也算是年闹了[哈哈]@韩玉hany
1,今晚，你的窗外，有没有青花会的兄弟在外蹲守？[嘻嘻]
1,说晚安了！我怀念的 洞庭饭店 @老波头  [哈哈]
1,#in 海德堡#欢迎[鼓掌]
1,@蔡骏 @蔡骏中文网 @超勤 [哈哈][哈哈] //@鬼故事恐怖:这些吐槽点好欢乐！！
0,毁了，这是拆光重建做旅游地产的节奏//@刺桐之泪: 什么保护，什么复兴，通通TMD扯淡！一帮断子绝孙的混蛋！[泪] //@小飞刀的刀:西街也逃不过，好东西都躲不过这帮装文化人的土匪//@红袖添乱168:图中看不到老房子，是要全拆了？？业内人士反映这图是赶出来的。 [泪]反对没有调研的拆迁
0,//@JessicaZ--:[泪][泪][泪]爱护环境，爱护环卫人。
0,我在布达佩斯游船码头见过一个艺人也玩儿这个，演奏了《匈牙利5号》，不固定音高的耳朵估计这辈子只能看人家的传奇啦[泪] @徐丽_微光徐徐
0,猫咪的遗嘱....我是被主人的鞋熏死的，不是自杀[泪]
1,#夏雨袁泉壮游乌鲁鲁#之五：壮游花絮一锅端！视频还有不少乌鲁鲁的知识普及和国家公园的珍贵物种出镜。我们乌鲁鲁唯一的华人导游@蓝天下的世界红中心 也帅帅亮相啦[哈哈]。更多花絮，请看http://t.cn/zjpS983，@世界杂志@澳大利亚旅游局
0,晒出健康小麦色。斑斑不见了，因为整个脸都是斑斑的颜色。。。。[泪][泪][泪][泪]
1,//@摆渡人摄影:又土又逗！[哈哈]快来看看，60天只吃土豆会怎样。
1,马上上场了[害羞]今天大部分都是新活，希望给大家带来耳目一新的感觉[鼓掌]
0,竟然?有中指?像[怒]//@华杉2009: //@贱名阿三:你赢了//@?子千?:操！//@赤勒汪穆: 草他妈，这是哪个机构？ //@拳头书生:滚犊子 //@五指山夫://@深圳郑姗姗: 滚
0,回复@ANU_CAIS_LXY:[偷笑]那说明强哥养人养过了。让他注意点。 //@ANU_CAIS_LXY:不是说强哥，是说女神怎么变这么矮短胖了…… //@ANU_CAIS_LXY:借用网友的话：?丝们创造了女神，女神则把自己送给了有钱人……[泪]Y评：女神，你怎么变这么胖了…都是刘强东干的吗[泪]还我女神[伤心]
1,[围观] //@李老爹餐饮有限公司:[鼓掌] //@热点红姨:[给力]
1,好景配好诗[给力][鼓掌][推荐][推荐] //@李??:月亮掉下天，激起湖水翻，麋鹿渴到极，黑夜饮浅滩。@赏月的天涯 @崂山餐紫霞 @交警李岩
0,今晚出逃，崇礼的去，[怒]周末雪上飞
0,我发现，特奇怪，每次年假之前，总有几天让我特忙特忙特忙，这样才公平么，哎呦[晕][泪]
0,[晕][晕][晕]听说最快也要七点多才能开席。这让早已习惯了杭州婚宴六点十八进场的我情何以堪。@近猪者吃呀 我是不是要先买个汉堡啃啃？[挖鼻屎]
0,饶了它们吧。[泪]
1,一起去杭州吧，游西湖、赏十景、吃醋鱼、蹭wifi ！[哈哈]@必胜-兔 @18号天空 @香芝1006 @天津爱包子 @perfcheng @Hanna欢欢
0,我能不接受航班晚点甚至取消的事实吗？？！[怒骂]早一班回北京的航班取消了，乘客们都去长沙市区休息了。我这班一直在等候通知....飞机还没飞来[泪][泪][泪] 悲催的一天！我想回家，我想睡觉?我明天还要飞迪拜！白天换钱，收拾行李，救救我吧！[生病]迪拜之旅但愿一切顺利?
0,[泪]我嫉妒！
1,这照片里有谁？[哈哈]
1,#清新福建风##清新福建风#去到福建，无论是“白鹭之城”厦门还是“千年古港”泉州，买一些手绘地图寄送给朋友也是不错的选择。[爱你][爱你]
0,晚上空闲回家看爹妈，胃不太舒服，老娘神秘拿出一良药，我果断吃下，吃完后看了看药盒，出厂日期1999年10月。。。。[衰]
0,[哈哈][泪][哈哈][泪][哈哈][泪]//@这是唐小兔:第一遍看想笑，第二遍看想哭...那么小，背来干嘛啊！
0,"回复@a紫藤萝瀑布:不知道是哪家的少儿书？够可恨的。您说是不？ //@a紫藤萝瀑布:嗯,王子是一样的. //@安然的蓝:回复@a紫藤萝瀑布:更多的人说是同一个王子[抓狂]  //@a紫藤萝瀑布:不是同一个公主么？头发颜色都不一样啊。  //@安然的蓝:编辑基本功！一下子高大上了[嘻嘻]  //@夏芒:……#编辑基本功#"
0,想说：干嘛没有女同事这样对我啊？[偷笑][偷笑] //@黄?哥:真想说点什么。   //@刘春:[泪]
1,这司机真是太可爱了[太开心]
1,"GO嘻嘻！这回终于? 肥成功了,分享下我的方法：http://t.cn/zWkiN31 #天猫出游季#[神马][神马][给力][给力][哈哈][哈哈][哈哈][哈哈]k[挤眼]jk[挤眼]j[抱抱]y[抱抱]6[怒骂][心][心][药]"
1,[鼓掌]听体检医生的话，把枕头撤了。一夜醒来见奇效啊~~后背酸疼解了好多啊~~常对电脑并且家里是软床的筒子们试试看！
0,完B，我也没带伞[汗] //@隆哥在路上:「完B没带伞」逗死我了 //@LauMiu:噗~笑喷 哈哈哈哈 //@依小然J: 没带伞[汗] //@这儿是不让说: 完B，没带伞 //@我是大乖小黄齐齐控的童颜笑蜀黍: [衰] 大哥！我没带雨伞！你来的时候说一声儿啊~ //@独狼-坚持我的选择: 我没带雨具
1,谢谢侯老师给我们的帮助和鼓励[呵呵][呵呵][呵呵]//@劲松侯老师:恭喜！[围观][鼓掌]
1,尽享粗茶淡饭，终归诗酒田园。 //@顶好视觉: [给力][威武] //@旅游信徒万一伟:＂三千年读史，不外功名利禄；九万里悟道，终归诗酒田园。＂[威武][鼓掌]
0,"中午不睡,下午崩溃,崩溃中…[泪]"
0,话说这表格一直是我滴心痛。。。某妞一直在下限啊有木有。。。[泪]但是现在，我放下啦!每朵花都是不同的，每个妞也是不同的[馋嘴] //@FancyWatch: @FM915闫言i音乐   @新浪教育   @angelnewlife1101   @小奥妈寒石   @周韦彤Cica   @画眉   @流浪de小公主   @?商晨??萍   @张嘉佳   @帮得婷
1,"回复@靠谱吃货:广告做得多,说句话都有广告的嫌疑了。呵呵,越描越黑。 //@靠谱吃货:逸香雅居餐厅，主营精品北京家常菜和精致手工饺子，西四北大街80号，这是他微博上写的信息，我没去过，只是看到他粉我了想起了亲情营销这事，绝非广告，特此声明[哈哈] //@餐饮咨询杨铁锋:哪个店?找时间去体验一下。"
0,@Miss晓? 看的我想哭了[泪]//@Viola_puppy: 哈哈哈[握手]你的字比我好看多了
0,[怒] //@乖囡欢欢:[怒] //@上海徐荣律师:愤怒
1,这还什么年代？ //@洪晃ilook: [哈哈][哈哈][哈哈][哈哈]
0,回复@PetiteDan:当然！不过收到要到年后了吧 //@PetiteDan:喜欢这个设计的感觉！！！漂！~~有木有快递我ROOM呢[抓狂] //@郭小熠:推荐花房梦旅~~~~~~
1,我的男神，我的牵挂[爱你] @不才在下本上神
0,太喜欢右边的那句简介了：＂倒数。。。＂不是反话，真的点赞。我的这篇文章肯定不如你这句简介有趣。 //@床上的Alice:什么乱七八糟的 浑身难受 浑身难受[抓狂]
1,@绿袖子-X 生日大快乐……年轻无极限，继续卖萌，在新的世纪里能与翔哥哥双宿双飞[爱你][爱你][爱你][爱你][爱你]等我安排好个人演唱会，定邀请翔哥哥与你相会，就在七夕鹊桥……[兔子][兔子][嘻嘻][嘻嘻][嘻嘻]@巧灵Mickey_ryeong
1,【欣爱下雨天】下雨了，真好，会有清新空气啦。。[太开心]可是。若一直这样，最近几天要怎么拍照呢[思考]或许雨天拍照也别有一番风味吧。还挺期待。。[兔子]@水褶湄 @绿竹小筑 @more777
1,最新消息：最快4月，每天大陆游客个人游人数上限将由3000人增至4000人[威武]拟新增15个个人游城市，哈尔滨、大连、贵阳、烟台、无锡、常州、南昌、徐州、佛山等。目前大陆客入境台湾最多只能停留15天，将考虑放宽到一个月[鼓掌]夜市，我来了>>>http://t.cn/8FPLFfG
1,//@去哪儿无线: [可爱]国际睡眠日 一个好觉到第二日//@由小鱼: 归归，这个想法好，找个高级酒店泡个澡，好好睡一觉//@方方小囡: 高级酒店[花心]
1,?了半年有多了，??不算多人。//@爱追云的小孩:开?分铺？同超人楼下果间相比，边间铺轮候的人多?？[可爱]
0,@我爱潜水俱乐部 [衰]//@波波阿三头: @炎尾阿狸 @吴? @高祯祥
0,“我没有办法。你一言，我一语，说得我心中闹得慌，似乎只有结婚才能心静。”[泪]再过一个月，这“你一言我一语”又要集中爆发了吧……
1,找亮点[哈哈]@CherryChrissy @安生_sweet ，少了好姐妹@崔立831 真遗憾
0,是不是兄弟就看这一回了，我把老酸奶喝了，你把果冻吃了[抓狂]
0,回复@董克平:我让他在请您一次@蓝色药_玩 你说呢 //@董克平:回复@三摩地帮主:什么时候？你做得了主么？那是人家张伟的地盘。 //@董克平:有事没去成，错过了和大家一起欢乐的机会。[泪]
0,回复@伍餐肉: 谢谢你在美食＂丛＂中对热干面的怀念[花心]阿姨和牡丹也想念你呢！//@伍餐肉:辣椒油绝对是亮点！好怀念！[泪] @好书吧-老板的娘
0,北京金隅要输[衰]
1,让生命孤独地怒放 @汪峰 是最爱的男歌手！谢谢@甲小六儿 [鼓掌]
1,方家胡同猜火车的丰盛晚餐。和@一大碗热干面 度过了非常愉快的时光，下回咱们两瓶红酒喝起，哈哈[爱你]
0,五一三天假期得了两张超速罚单，6分400元。。。G7路况好，可不要贪快哦[衰]
0,想起一句大俗话：中国人民是世界上最好的人民。 //@鹦鹉史航:暴官义民。 //@红料:真好~[泪]//@航海的波: //@一微米阳光001://@蒋方舟://@封新城: //@何兵:中国的另一面。
0,[晕] 不带这样的好不好??? //@江畔killer:这人好邪恶啊。有木有1！！
0,[泪]最近为了租房子，涨房租......等等一些事。闹心！刚刚给妈妈打电话，妈妈说：“......要你自己去闯世界。”听到这，故作坚强说“没事，我可以！不用担心。”眼泪一直在眼里打转转，赶快和妈妈说再见，把电话挂掉。怕妈妈听的会担心。痛快哭一场后，自己既然选择了，那就只能坚强。
0,早安中国！好不容易休息睡个懒觉却发现睡不着了准时起来了[泪]
0,[抓狂]买口罩去
0,[泪][泪][泪] @有意思啥意思没意思够意思  @sharondong2012
0,在这样的日子真不愿意听到这个消息[泪]我更愿意幻想它落在某个岛上、不久会被发现[思考]中方“海巡01”轮基本确认接收到MH370客机黑匣子信号@新民晚报 特派记者刚刚通过海事卫星电话报告南印度洋搜寻的“海巡01”轮基本确认接收到MH370客机黑匣子信号，无辜的乘客机组人员，安息！154名中国同胞安息。
1,天儿的下午茶时间吗？[爱你][爱你]还有美女相陪啊！
1,从芬兰的赫尔辛基驱车3个小时来到黑诺拉郊区的小木屋，期待了很久的特别体验要开始喽[可爱]这位近80岁的芬兰人原来在赫尔辛基市政府工作，退休后在这里修生养性，时尚的打扮和开朗的性格，一见面感觉很亲切
1,@北京文艺广播 过生日，作为快乐家庭的一份子，我会努力为老前辈@罗兵 捧好哏[鼓掌][鼓掌]欢迎大家收听，一同乐呵
0,[泪] //@MagicMirror婧:对象牙消费说决不！！[可怜]
0,及时行乐。 //@LuLu_elyn:看来要即使行乐啊！@元小姐 @潘善忖 @毛洁华 //@Happy张江:[衰]//@来去之间: [衰] //@王肇辉:很遗憾的告知大家，开复被诊断出癌症。目前正在遵医嘱接受治疗。谢谢大家的关心。
1,回复@Lisa莎莎222:争你们个人的自由，便是为国家争自由，当年胡适说，今日我在做。[哈哈] //@Lisa莎莎222:这微博写得很有意思，正如我现在坐在家靠窗的沙发上饭后端着杯咖啡读你文字突然有种飞上头顶上的雀跃感觉[嘻嘻]
0,额！很对……[晕]
0,#手机拍照#又是下班高峰下雨，几个意思？[汗][泪][哼][左哼哼]
1,回复@贡贡love:你是飞鱼人吗[爱你] //@贡贡love:叭叭叭
1,嗲阿[爱你]
0,[爱心传递]//@海合龙祥:跪谢：?父庄则栋，全家生活仅靠少年宫退休金。佐佐木敦子加入中国籍后，变成全职家庭妇女，无任何收入和生活保障。?父清醒时提到，希望拍卖自己书法作品，换取敦子生活保障。恳请各位善长仁翁，用我们仅存的良心去默默地帮助他们！我在这里给你们鞠躬跪谢了！[泪]@李恒建 @行
1,#大吃大话#看了很多美食节目，发现主持人最爱说的话是：哇，真的很好吃！这句几乎天南地北统一使用，大伙还能再找出几句不？编最先想到“入口即化”[哈哈][哈哈]
0,又到一年一度周贱贱臭屁季了！[抓狂]
0,老姐带孩子去了，也买了！[挤眼] //@夏宫的刘阳:回复@亭落无声:英法联军一把火就把我们单位的伙食给烧成这样了！[泪] //@亭落无声:四爷哭了！原来的中直机关的伙食差成这样！@夏宫的刘阳
1,#忧伤?脸猫耷拉# [哈哈] 详情:http://t.cn/zjlNQ4z
1,[给力] //@朱晓剑:[哈哈]晚饭时间啦//@侯泰而: [赞]
1,?????????????? ??????????????? ???????????????????????????????????????????? ??????????????????????????????[嘻嘻][给力]
0,"#行摄的灵魂#昨天下午，我以为我走完了Jarash的罗马废墟，跟掌柜Ismeal聊天才知道，我只走了不到三分之一：现在的Jarash,没有罗马古城大――当时罗马古城有超过15000人口，现在的大Jarash,也差不多这样的人口…[抓狂]#重返战地#中东之旅约旦Jarash 我在:http://t.cn/8sbCGzy"
1,姥爷我们错了 //@朱丽filw帆:[鼓掌][给力]//@关山明月happy: 哈哈～ 全程守候！@AA逍遥BB @974小骆 @为帆疯狂 @朱丽filw帆 //@杨帆粉丝团: 哈哈~ 这个造型不错哦～ 大家记得关注哦～ 加油加油！ 帆哥加油！！！
1,我是绿色的小青蛙！呱呱~我是远看很瘦的小青蛙~呱呱呱~~[嘻嘻]
0,这几天微博都在说＂切糕＂到底什么意思噢？[衰]
0,怎么还是半只呢[怒]
0,//@冷笑话精选：这样的音乐盛典一去不再复返了。。。[泪]
0,[鼓掌][花心] //@曼丽在旅途:我也想找！正需要搬家呢??[抓狂] // @饭饭呢 ：转发微博。
1,??非常喜欢！ //@官也街澳门火锅:迷人水母[爱你]
0,"想吃番茄草虾和干炸鸡翅[馋嘴],可是我周日不上班[泪]  //@天下无敌的king：报社不过啦？晚上是给客人吃的吧[晕] 比较关心下周一还有肉么…"
0,找你妹！！！强迫症+急性子 千万慎入...老子已经毛咯...[抓狂][抓狂][抓狂][抓狂][抓狂][怒][怒][怒][怒][怒]
0,每个月都要有这么一天 赶死了[抓狂]
0,几天下来都没事，回京了，受伤了[衰] 我在:http://t.cn/zT09vef
0,回复@刘春:春锅，冤冤相报何时了啊？如果我一咬牙一跺脚冲动的嫁给二狗后，咱仨就真的成了新媒体下诞生新组合#狗男女#喽[泪]三思啊！后果不堪设想... //@刘春:嫁给@孔二狗 ！！！ //@王兵的围脖: 早日嫁出去！！！[哈哈]
0,"//@物质魔女: //@梦晨伤: [泪]如果只从一角着起来,耿福林就不会死"
0,近日??的朋友都陆陆续续?有iPhone5，我只好等一年後??降低才有??。[抓狂][抓狂][泪][泪]
0,[泪] [泪] [泪] 神邸一样的北海道
1,受不鸟这种肥喵~喜欢[爱你][太开心] //@李小白不想做人类:@我是哈将 @蝴蝶求刷虎叔副本 @嘿哈吼 @迎风流泪王小姐 [可怜]乖的啊！！！！！！！！！//@Olivia加油变成白富美: @娌悄悄 @李小白不想做人类 [熊猫][熊猫]
1,回复@lanlanbenbenz:哈！金叹是个特例，有时样子很迷人，有时很招打！他的头发向上向下2个人啊！ //@lanlanbenbenz:那天我闺蜜还说～看完金叹～再想想自己的老公和儿子～回到现实～[嘻嘻]
0,//@导演高晓舰:千里迢迢运到美国的东西竟然比国内便宜得多，难道我们真是”人傻钱多”？拿着拼老命赚的大白菜的工资，装逼消费着奢侈品般的价格，打肿脸充胖子爱做冤大头的?丝国人，抢劫集团不坑你坑谁！[抓狂][怒]
0,?怎??人?“奴才相”了[晕] //@新罗居士: [晕][晕][晕]
1,说真滴！人妖这长相有木有让你羡慕嫉妒恨啊！[嘻嘻] //@妈妈姓夏:人妖虽然表面光鲜靓丽，但其实生活却十分清苦，社会地位低，得不到应有的理解与尊重。你们怎么看？@EVA巍@yoland雁 @羽小觞 @爱诗哥 @念咒人@杨枫
0,回复@水上书:[嘻嘻]那也很不错了，目前都绝版了！ //@水上书:上个世纪90年代，曾经有一套《人间喜剧》摆在我眼前，可我那校服口袋里却没有足够的零花钱[泪]不过好在若干年后买了15卷本《傅雷译文集》。
0,#海南美景# 【海南文昌远离雾霾 享受暖阳】近日，北方部分地区持续出现大范围严重雾霾天气，而海南持续阳光明媚空气清新，吸引大批“候鸟一族”和旅游者前来呼吸新鲜空气。主页君看到那在椰林里吊床上的人羡慕到爆啊！！要是可以在吊床上抱着电脑办公该多么幸福啊！[泪]你觉得呢？http://t.cn/8kMmr91
1,回复 @Ms茜茜:欢迎光临[鼓掌][鼓掌] //@Ms茜茜:写的很舒服，想去一试
1,"【朵弥手部护理套装】包装很nice[爱你]包括：香水百合手部祛角质凝露+沁香玫瑰护手霜+浪漫樱花护手霜+玫瑰嫩白滋润手膜[心]全部天然植物精粹,多种精华,各种花香.味道灰常好闻[嘻嘻]即便你再懒得护手也会按步骤做起来,等我多用几次再给大家分享实际效果[害羞]@朵弥官方微博"
0,老潘头这车开的，直接把我晃迷糊了，晕车中。。。[晕][晕][晕][晕][晕][晕]
1,诶，小年民俗活动就今天一天哦亲……下午来吧！[嘻嘻]已经不下雪了，但开车还是要注意哦。 //@飞猪猪猪:亲，活动到哪一天呀？看着眼馋，很想去呢~[蛇年快乐]
1,听到喝酒俺就兴奋1！//@王杂杂: 那必须有，没机会找机会喝[哈哈][哈哈][哈哈] //@张涌V博:回复@王杂杂:正好下周末比赛结束，从今开始论输赢。有机会喝了[哈哈] //@王杂杂:昨儿我实在熬不住了[哈哈]西班牙没啥悬念，今天我必须支持意大利[哈哈] //@张涌V博:7：30就睡了，伴着雨声，那叫一个舒服
1,回复@猫娘天衣坊:哈哈，我惋惜隔壁小超市的奶酪！ //@猫娘天衣坊:想到那些没有吃完的食物和啤酒，还默默的感到心痛，我只喝掉一盒奶。。[爱你]
0,[抓狂]不准胡说！
0,耶鲁当为其骄傲。[泪]
0,但我不想升级IOS7啊[泪]
1,[鼓掌][鼓掌] //@NNTV小房:还有长沙的朋友……歪而抗母
0,都热死了，还清凉？[怒]
1,家中的小小日本威士忌收藏系列 [哈哈]
0,回复@无忌的泡菜:哪里像啦，哪里像啦[抓狂]//@无忌的泡菜:张杰，你好。。。
0,//@逸棠: //@孔智勇-:李天一第五人出获？！见证奇迹开始了！[怒骂]//@染香姐姐://@田京波: 李天一翻案成功！刚刚得到的消息，三里屯「Rivuai160」酒吧的老板被警方带走，警方开始对酒吧进行卖淫调查，李天一等五人有望立即由被告变为证人，最快周末出狱！（转）
0,[花心][花心][花心]肘子等着你！ //@桂大肉丸子:我要吃大肘子！[泪] //@陈丢丢CiCi:@对玫瑰负责 @苏非寒 改天去吧去吧。[馋嘴]
1,"#早安西江#即使遇到不顺的事,也要学着微笑。任何情况下,都有值得微笑的地方。亲们,早安!中秋节第二天了,可以和家人或者朋友好好的玩三天了,是不是感觉很幸福?[嘻嘻]"
1,被你们暴露行踪了[嘻嘻] //@喂妖:我靠！一看就是宜家!@juju723
0,上海Zara打折季，逛的好捉急！各种没号！小号上海销路太好吧[哼] NND还不给电话查号，看下电脑会死人呀[泪] 我在:http://t.cn/zHFvhNo
1,台湾正宗芭蕉。。。[嘻嘻]好粗啊
1,//@淘宝拍卖会: #全民疯抢，1元疯拍# 双12的欧洲奢华游拍卖还剩4天就要开拍了，大家赶紧收藏好心动的路线，到时候下手就是要快！准！狠！[哈哈] 现在还有免费的奢华欧洲体验游名额1名送出哦，谁会是最终的幸运儿呢？说出你想去的路线，转发+评论，别忘了 @3个以上的好友哦！http://t.cn/SGTFXu
0,偶遇，启蒙现代舞老师，还是得保留这些年心底得真谛！是撕开还是不撕开，有成了个迷，@遇见郭勇滨 你懂得！[泪]
0,好好看拍的。。[赞] //@纽约的风:这会儿雨过天晴！！！ //@moreme: 在雨中赶早高峰，到了单位以后，雨停了，天晴了，但是和你木有关系了[抓狂]
0,@我是歌手 到最后还是暴了个大冷门[晕]好冷啊
0,如果微博推出付费过滤垃圾广告和刷屏功能，我必定订阅！[怒]
0,哦 那算了 我还是清淡一些吧 //@大明_朱皓:我和一帮广州朋友正在吃第二场 ，[晕] //@春晖-来去吉祥:路上呢 饿了 一起宵夜吗  //@大明_朱皓:到酒店没有？   //@春晖-来去吉祥:没有惹我 哈哈 本来看着别扭 后来觉得好玩了   //@大明_朱皓:把哥哥惹了？真TM不开眼
1,23weeks 嘿嘿  带着娃娃过六一 。都说我穿衣素 今天必须红一红[哈哈]
1,啥叫青春[兔子][哈哈] //@杨蛋蛋丹: @依兰Elan  //@夹子JIAZI:额??这是要干吗！！！亮瞎我们的狗眼嘛！！！//@杨蛋蛋丹: @夹子JIAZI 你看老朱这张是不是像莫文蔚[哈哈]
0,幸亏英语听力不考印度音……听的我头都大了！[抓狂]
0,//@丢丢丢小豆:[衰]17号感染，18号死亡，20号公布，人感染.....
1,[哈哈][哈哈][哈哈] //@秦庆瑞:[哈哈][哈哈][哈哈]
0,#洋早点##一起来做中国好早餐#满心欢喜以为这周少一天，却是躲得过初一?不过十五![泪]猫宁，化悲痛为食欲吧![打哈气]这个汉堡，一个大面包配了2只鸡腿肉做成的鸡排，洋洋风卷云残![汗]
1,回复@丶去年买了个表丨超耐磨:在哪志愿啊？如果是VIP领酒区的就好啦  嘿嘿，你懂的[哈哈] //@丶去年买了个表丨超耐磨:我是志愿者
1,上海夜晚依然白云飘飘，这叫一个XX年不遇的晴朗呀[哈哈]该怎么去享受这天气哟 我在:http://t.cn/zWKlXw9
0,[衰]这么严重啊
0,每到上火就走智齿，多年前拔了一颗，结果之后上火就走另外一颗智齿[泪]，门牙边的一颗牙越长越歪，刷牙总出血，想戴牙套怕拔牙怕疼，最怕看牙了，国内为何不推广全麻看牙，不光是对儿童，像我这种吱哇乱叫的大人也应该全麻，省得招大夫烦[泪]
0,//@栗子莉子:俺也好想要个爱疯5[抓狂][抓狂]
0,体检报告出来了，长长一页A4纸写满身体各种各样毛病，还好本人最担心的毛病控制得不错。但未来要注意滴事情太多了，尤其是饮食，血脂高，体重高，NND，这人瘦下来咋这么难涅？@行摄红米粒 全怨你，以后姐要吃清淡滴，姐要瘦[泪]，最BS某人竟然体重不够，要增肥@小歆--陷阱 真想把你一脚从我对面踢飞。
0,真的假的？呜呜呜呜 //@田炜华:下点雨就这样。[衰] //@崔林观点: 转发微博
1,[哈哈]好吧！这个造型我喜欢！@啸雷
0,专家建议每次只吃1/4块月饼，并细嚼慢咽[衰]
0,还被4只狗围追堵截[泪][泪]@化外狂封 //@张晓蕊rry2: 对，我们跑到印度洋的西海岸，看日出。。。//@茉莉香片1982: 我对高尔的第一印象也是，好像鼓浪屿啊，但是比鼓浪屿清净多了。当时@张晓蕊rry2 还鄙视我[偷笑]
0,我和他还是有本质区别的[汗]我只是市井P民，也因此只敢偶尔奢侈喝口儿西凤，而不至色犯命劫王熙凤。[泪]
0,这么说来，我算是农村人……//@何峰的峰: 妈妈，你没告诉我回家有饭吃??[泪]//@远望_祝康: 培养新项目亦是如此
0,我饿死了!!!!!!!!!![泪][可怜]为什么现在越来越容易感到饿啊[疑问][抓狂][抓狂][抓狂]
0,右一太绝了！ 一语道破玄机！实在佩服[赞]//@雨浓孟越Brenda: [晕] //@银杏叶胶囊:[赞]//@贺江兵: //@朗润园刘芊:解决的方法就在下半截――孔方
0,高调作势，低调做人[晕]才是现代趋势下的商业@老丿:作为吃货，不吃麦当劳以外的任何连锁餐厅应该是基本节操吧！//@法租界MARIO:想连锁的 想上市的 到处圈钱的 都是动机不良的~
0,已经凌晨了，一夜没睡，我真是没用呀[泪][泪]
1,回复@新浪福建:祝朋友们新年快乐！幸福平安！一切尽在其中，你懂的！[哈哈][哈哈][哈哈][哈哈][哈哈] //@新浪福建:借来用用！ //@TIM生命?客:#新年祝福#福建地名版祝词[围观][礼物][礼物]@新浪福建 @新浪厦门
0,晚上七点的飞机。延误到了十点。zhanzhan都走了没人了。桑心！[泪]
0,今天真是！特别！ 的！冷！！啊啊啊啊！！！[泪][泪]
0,无语[鄙视] //@培培兔斯特洛夫斯基:// @薛呛呛 :二次强奸 这是犯罪 //  @寻找程旭媛  : //  @仰慕酷姐姐  : 现在的记者啊，为了弄条新闻，啥事都能干//  @张泉灵  : 底线啊底线。[泪]
0,#图钉随手拍#昨晚都被蚊子咬了！这蚊子是要逆生长了吧？[抓狂]在网上抓俩方子，回头挨个试试看有木有用。下载图钉客户端：http://t.cn/hq8njH
0,梦想腐烂了已不会有灼伤感！ //@空中的云世界:我多么希望明天有太阳，灼烧我那腐烂的梦想//@微相册:青春是一场无知的奔忙，总会留下颠沛流离的伤，我多么希望明天有太阳，灼烧我那腐烂的梦想。[泪]
1,很好… //@经纪人晓光:德格业兄弟！这个真好听！谁唱的?@主持人晓风 @王小嘻 @爱克尔-贡秋卓玛 @音乐人陈荣乐 @音乐人温? @李继宏出品人 //@歌手德格叶: 好听 //@苏姬尼玛晓鱼儿: @歌手德格叶 @戴青塔娜这个真的好听! //@一个嫫热: 此曲只应天上有[话筒] //@藏武才: 好听[鼓掌]@-巴音-
1,"[思考] #余仁生花旗参茶包# 还是 #东方红桂圆肉# 好呢？抑或 东方红鲍汁冬菇 更好呢[抱抱] ？即日起至8月31日，凡於 @香港荃??? 场内任何商户累积消费满HK$2,500，即可选择其中一样自己喜欢的礼品带回家。小编就很想换冬菇 [阴险] ，你呢？！"
1,在昆明吃过桥米线和汽锅鸡 我在这里：http://t.cn/zW4V7wJ [嘻嘻]
0,他们说我脸瘦了显刁，今早上起来发现自己长的越来越慈祥了！[泪][泪]
1,我在漳州万达，祝我们开业大吉吧。[哈哈][鼓掌][太开心]
1,哇咔咔[嘻嘻]//@林志炫TerryLin:#林志炫世界巡演##林志炫1207深圳站# 感?mei??的辛苦的幕後工作人?[给力][威武][鼓掌][鼓掌][音乐][话筒][电影][照相机]
0,//@微博搜索:→_→//@李开复:不！是！我！[泪] //@雾江?远: 你说这是李开复我一万个信。
1,FCC高球会活动正如火如荼进行中！4月比赛拭目以待！@楔子笋_JACKY 即将在@FCC高球会 开课[鼓掌][鼓掌]????
0,XD...... //@爷们儿的爷们儿:擦，也就我们学拼音的看的懂了 [哈哈]//@子归1919: 汗。。。。居然一下就看懂了。。。俺这口语是有多差。。。[衰]
1,【张钧甯加盟#痞子英雄二#】[话筒]有“台湾第一气质美女”之称的@张钧甯 ，日前已进入@电影痞子英雄 剧组，开始节奏紧密的拍摄！不知道她此次在电影里的角色还是不是那个清秀聪慧、冷静理性的“蓝鉴识官”呢？一起期待吧！[鼓掌]@张钧甯内地后援会 @张钧甯吧
1,感谢黎兄捧场，祝大会成功，期待新一年！ //@黎万强:这是小米网部门9号的服务年会[嘻嘻]我请现场客服和售后一线同事吃@黄太吉传统美食 煎饼。2014年是我们的服务年，我们会再接再厉，开放地向所有优秀品牌学习，学习如何用心把服务做得更人性，如何把服务做得有创意，如何不一样。
1,喜欢麻辣料理的看过来，感谢@人在江湖的东哥 的猛烈招呼。。[哈哈][哈哈]@JACK帮主 @CHEFGARY
1,[围观] //@佘晓玲:[哈哈]刘谦跳出来了 //@刘谦:桌底下哪有中?的柱子啦！
0,[泪]又瘦了，172cm个子才104斤！
0,第一耶//@凌米米-: 芸姐 旺我吧????//@禁止搜索此人围脖: 又让我想起有个杀千刀的算命先生说我旺别人不旺自己[怒]//@凌米米-:哈哈。摩羯座飘过
1,哥们，你不要开着我的车乱跑，撞了就算了啊，原谅你[哈哈]//@哇啦哇啦喔哇啦哇: @谢瀚Henry [挖鼻屎][挖鼻屎][挖鼻屎]
1,就说你减肥吧哈哈哈 //@纪敏佳:好吃噢，不错的四川味道。[鼓掌][鼓掌][鼓掌]
0,[泪]  关注的我的都是些什么类型的家伙哇。我一说哀怨的，利马有人嘘寒问暖，立刻有人围观看热闹。说点儿正经的吧，无人问津了。[可怜] 我这脆弱的心灵啊～
0,也有小伙伴说这不是送奖模式，是土豪模式[晕]
0,雾霾一片的北京[衰][抓狂]几天前   雪中京都蓝天白云朵朵啊[雪人][雪]是什么毁了北京的蓝天[委屈][泪]
1,"#梦想旅行家#卡兰巴卡 在Restaurant Taberna""Panellinio"" 镇中心一家人头攒动,布置有品的热闹餐厅里,吃了炖土豆牛肉和牛肉丸,哈哈吃肉的感觉真好[馋嘴][爱你] @倩儿在秋天@赖皮熊的树@伞兵啦@XMAN_宗介"
0,米米总是馋我，年三十结账的孩纸很受伤[泪][泪][泪]
1,71，你终于红了//@nola不啦：回覆@超-声波:[嘻嘻] 让您费心啦。 //@超-声波:关键部位过于朦胧，太费眼睛，不看了。 //@nola不啦:不抱怨。不挣扎。不妥协。
0,"组织生态学Organizational ecology是在组织种群生态理论基础上发展起来的一门新兴交叉学科它借鉴生物学、生态学、社会学等学科的知识,结合新制度经济学和产业经济学等学科的理论来研究组织个体的发展以及组织之间、组织与环境之间的相互关系[衰]-这个都来了[汗了]我看不下去了从句套从句写简单句要死啊"
1,我喜欢? //@二婶er小四er:大早上的好励志 //@YFBSSSR:哈哈哈哈哈哈哈哈 //@当时我就震惊了:[哈哈]
1,【#我爱满堂彩#――难以置信的魔术秀】主持人、魔术师、评委样样精通的董小姐[鼓掌]娇俏搞怪的@魔???冠霖 [偷笑]各种被挤兑的可爱@TONNY_松明 [抱抱]魔界憨豆托帕斯[嘻嘻]共同打造魔界盛宴，没看过真的应该打手心呀[哈哈]没关系，戳这里http://t.cn/8FUIO4d 精彩继续[围观]@董卿卿国卿城官方微博
0,MD，早知道不喝水了，这TM厕所排队，又憋到人生的极限了。[泪][泪][泪]
1,//@沃3G促销: #万台沃?3G千元智能手机派送风暴# 【抽奖主题帖】12月，你好；12月，加油；12月，快点放假；12月，年终奖拿来；[哈哈] 12月，好运好运快点来[花心] 。关注 @沃3G促销 ，转发【抽奖主题帖】，12月，抓住幸运的尾巴！
0,连续两晚的噩梦[泪]
0,两天要采11个人，即将破个人记录！[晕][晕][晕][晕][晕][晕]
0,今天真的有些累了，不得不承认年纪大了之后，再也熬不得啦！不过，一想到要和各位吃客相会在此，共度直播，我马上倍儿有精神，倍儿有兴趣[挖鼻屎]，@盛博 我们今天带大家去吃日本料理，@王一 这个不仗义的已经在现场开吃了，让我们一起鄙视他！！！[抓狂]
1,?孩子吃完?跟我回家和拖肥玩了一?多小?，然後?如果明天也是黑雨警告就好了[哈哈]
0,该粗口时就粗口[哈哈] [做鬼脸] [怒骂] [兔子] //@臭美小徐:喜欢就好，以后少骂我就行了[怒骂]
0,#探店#杨裕兴在建外SOHO开新店了，长沙粉面爱好者的天堂又多了一个。#伤痛，我不在通用上班袅#[泪]@迷蝶箫
1,30块钱一张门票[哈哈]//@任志强:严重的骄傲自满。
0,父母们千万小心！ //@刘青作曲:人间悲剧，永远不要再重演！[蜡烛]//@苏笛拂柳: 强烈谴责游泳馆 希望有关部门严厉追查 不能放过这些不负责任、视人命为儿戏的营业场所[怒]
0,//@行者的梦: 回复 @小淼的菜:哎，奸臣当道，百姓民不聊生！唯有隐居山林，眼不见为净！[泪][泪][泪] //@小淼的菜:黯然惆怅嘛
0,下周一之前每天的行程都排满了，减肥什么的又要变浮云了。[泪]
1,要去日本玩赶紧趁早吧，我们马上发布9月份日本游优惠价[嘻嘻]//@途易在线: 法案包括多方面内容，主要内容之一是，把现阶段５％消费税到２０１４年提升至８％，到２０１５年进一步提升两个百分点，使消费税翻番。
1,哈哈哈！壮壮太可爱了！！[爱你][爱你][爱你][爱你][爱你]
1,"蹊跷的""失误""[哈哈] 《大公报致歉刊发习近平假消息》 (来自 @头条新闻) http://t.cn/zTMrhiL"
1,落水了吗？ //@莫慧兰:今天晚上看我会不会落水[哈哈]看看大家落水的情况吧[嘻嘻]
0,最近缺钱想卖房，看来只能找个男买家结婚-＞离婚-＞房子判给对方[泪]
1,记匈牙利一位幽默的公交车司机。[哈哈]
1,不想起床，有请早餐的吗？最近发情了，食欲有点大，西塘找不到好老公，不知道杭州是否有艳遇[哈哈] 可爱的加菲猫?喵 我在这里:http://t.cn/z84AlBr
1,宝宝可以拿奥斯卡影帝了！//@格格就是你婷姐：宝贝你真配合！//@善良的刘菜菜：真欢乐[哈哈] //@崔怡Cherry：这孩子太有喜感了~~
1,@科尔沁夫 后来呢？……金海心……逃了吗//@谢小米: [哈哈][哈哈][哈哈][哈哈][哈哈][哈哈]
1,人类之父和炸鸡之父的重要会谈。[鼓掌][鼓掌][鼓掌]
0,帮助一切需要帮助动物，那就是在帮助你自己！//@纲丝-竹板书: 我后悔看了，你要知道，上班时间哭的男人有多么的丢人啊……[泪]
1,@Sophie诺诺 [哈哈][哈哈] //@可爱宠物中心: #iPhone 5#的SIM卡也遭恶搞～~ 瀑布啊。~~ ！
0,"还是上不了手机msn,关键时候不给力呀[抓狂]"
0,没去成，好想去[泪]
0,//@刘胜军改革: 浪费了一次推动法治建设、反思文革的绝佳案例[泪] //@王石:转发微博
0,@甘肃刘维忠  //@邱启明:请医疗界高人救救孩子。 //@清清Sonia:@邱启明 @齐秦 @天使妈妈基金 @9958-王昱 请帮帮我同事吧！ //@先霞:谢谢了！我都快崩溃了[泪]宝宝全身没有一块好皮了。今天高烧39.8！如果明天再无好转，就听医生建议打丙球和万古霉素了。拖不起了！！！
0,绝对有同感 当年姐也是这么郁闷过来的[衰]
0,这回你自己也被打假了吧！文女士还不说道歉 //@tubois: ESMOD的校友也表态了！//@steven0817: @文颐 瘟疫女士，请不要再冒充我们ESMOD的学生来丢我们的脸了！当你置疑别人的资质时先考虑下自己是不是有这个资格！我们esmod学生关系处的Francoise女士对于打假相当认真的！[怒]你是否应该为此做出解释？
0,我是内侧有明显线头[汗] //@蒋laier:终于，今天下班路上感觉有点磨了，到家看到两个泡，跟你位置一致[泪]
0,生物老师，体育老师，美术老师，音乐老师。。。唉 [失望][委屈][泪]
0,回复@MookBeauty:[泪] //@MookBeauty:Sosad[衰]
1,让我一次吃个够！[哈哈][哈哈]
0,【《神探夏洛克》卷福强势复活 发布全长预告！】BBC大热英剧《神探夏洛克》第三季已定于2014年1月1日开播，今天终于发布一款带对话的预告。卷福这自带的低音炮好久没听到了，一开嗓就让人激动到泪流满面[泪]！那句“没有我的生活算个毛生活？！”实在大霸气了！ #分享视频# http://t.cn/8kIuDef
1,[哈哈]一个配古装，一个配婚纱[鼓掌]
0,祝我的母校培养出更多艺术家！ //@宋兴男:真想回去看看[泪] //@相声演员刘彤:永远的母校、我艺术的摇篮！[心][心][心][心][心][心][心][心][心][心]
0,皮肤干燥无光？皮肤油腻腻？皮肤多黑白头？皮肤多粉刺？皮肤毛孔大？你的皮肤需要深度清洁了！[抓狂]DC药妆面膜，只要10分钟，一次性解决你面部肌肤的n个问题！！[爱你]看着脏东西自己一个个浮出来，太爽了有木有：（去评论中找链接哦）
0,在家窝了2个星期，昼夜颠倒地睡了14天。明天要早起，却到现在都睡不着怎么办？如果一会儿睡着了，早上起不来怎么办？[委屈] 一只羊，两只羊，羊羊羊！[抓狂]
1,回复@Darling灵儿一号:[哈哈][嘻嘻] //@Darling灵儿一号:市场部改成商务部了？？？不是一样么
1,Thank u 4 ur support!!!希望过阵子弹着吉他唱着歌去广州的时候也能那么晴朗~[可爱]
0,我被DIOR内部特卖会折服了！！！我终于知道神马叫做白菜价了！！！！！[泪]我为神马一念之差木有去！！！！！[抓狂]
0,文莱老百姓比中国老百姓不知道要富多少倍!给他们发我们纳税人的血汗钱?!丫真有钱! //@伊比利亚的夏季风://@梁山古今:[怒]//@天物馆王涛: [怒][鄙视] //@洪晃ilook://@maddoggy18: 转发微博。
0,//@芝麻糯汤圆: [泪]
0,//@那英:得勒！！注意啦哈！！亲们！// @张爽TEA : // @薇风秀语 :在国内孩子们何时能的到保护和重视[怒] //  @大H小D  : 注意了啊 //  @演员李菁菁  :转 //  @马伊?  : //  @小玩意儿2011  :  @姚欣雨0108   @兔兔田丫丫
1,都谁是金牛？[哈哈][威武]「2013」#金牛座#最强喜事：创业成功。金牛座的人凭着自己的苦干扎实，创业的过程中虽然会有所辛苦，但是最终还是会有回报。2013年里，金牛座有木星帮助自己在与人的沟通交流中获益，并且在他人的帮助下，自己的创业，会有希望成功。ps：理财有道的牛儿们，看来今年要发达啦~
0,#爱运动# 今天去健身房，我的那个教练跟我聊天，兴奋的来，从美国岗到中国，从英语岗到荷语，哎，两个女人就是一台戏！[晕]到后面连我锻炼的次数通抛到九霄云外。伊其实也教基本体操课程，可惜我不太喜欢。我现在特别期待每周一晚上的有氧战斗课程。
0,饿了～[泪]
0,瞧?新娘新郎穿的！[抓狂]
0,还说今儿能睡个懒觉呢，又是快递，又是装修的嘟嘟嘟，楼下又特大声放上歌了[抓狂] http://t.cn/zWwfYBi
0,跟一帮喊我叔叔的孩子打了三小时篮球，只见人影在空中飘移，自己却怎么也飞不起来，那段把身体甩向空中再找篮框的日子，已经一去不复返了。。。[泪]
0,脑满肠肥的都是高官，这种政权应该早点垮台。 //@很想中国好:饿死是死，造反 不一定谁死 //@白水壹君:这是仪仗队吖，其他军人该是啥样？平民百姓呢？[泪] //@老金来也: 严重的营养不良！但还是誓死捍卫三胖的独裁统治。
0,//@小日王爷: //@邹麽麽330:[悲伤]……
0,二货。 //@美编老杜://@1034海小贱: 把这家伙双肾摘除换俩ip4s //@LRTV王皓:谁再替我骂的再狠点 //@潇大爷的窝:这个傻逼你他妈在哪？把你鸡巴掰下来你会很爽吗？傻逼，人肉他！傻逼[怒][怒][怒][怒]
0,恭喜小七！//@枯叶秋心: 唉油，恭喜小七~//@essiewong: 矮油 //@齐小七: 谢谢各位亲友的见证，祝愿大家都找到自己的幸福哦[偷笑][心]//@芝小仙:哭得过于惨烈，让大家见笑了[生病]泪点低伤不起啊[可怜]//@Kidul妖性归-残善泯: [泪][泪]太感动了
1,?之岳，我想去?地方。[嘻嘻]
0,这个说的怎么那么像！哈哈。@麦斯蒙市场咨询  //@傲然王:洋洋洒洒千百字，其实不过三个字：不分开！ // @Dream佳梦 :  @唐一申   你看这经历像谁？//  @佩-王儿  :[泪]生命轮回，情满心头。
0,//@微博搞笑排行榜: 中枪了![泪]
1,3q @晴儿ff的微博 [爱你]
1,怎么爱我的人还没出现，这个社会怎么了？[哈哈]   //@押沙龙:今天做红烧鲫鱼都没做好，这个社会怎么了？
1,向伟大的毛主席致敬[哈哈]
1,#河南旅游新生活#《河南旅游新生活》最新一期杂志“完美婚礼宝典”新鲜出炉[鼓掌]婚宴酒店的选择、创意婚礼TOP10、婚房、蜜月地的推荐等等，为您人生最重要的一场仪式提供一些可行性建议。在豫韩旅游合作渐渐深入之时，我们还特为读者推出一期印象仁川的专题，想去韩国的别错过！http://t.cn/8k7A1Qu
1,新年好！[可爱]
0,莫那同学！您下来好不？您已经在我腿上坐了半小时了！我…腿麻了，您晓得不？[抓狂][抓狂][抓狂]#摄影师与萌狗的故事#
0,我是80后，但我怎么不认识这些课本封面？？？ //@我们爱讲冷笑话:[泪]
1,饭后甜点必不可少，招牌榴莲酥吃两个打包八个带回家，红豆糕本来想打包，结果太好吃了，当场消灭掉，再来个芒果布丁溜缝儿，这算齐了。。。[嘻嘻]@kitty是摩羯女oO
0,回复@麦田修士:敏敏是最棒的！ //@麦田修士: @梦想徐迎军 徐哥请扩散为王启敏投票，并请您给中芭王启敏投上你宝贵的一票！偶感激涕零[泪][泪][泪][握手][握手][握手][握手] //@麦田修士:是我的朋友吗？赶紧出现，请投给中央芭蕾舞团首席美丽的女神王启敏！
1,红星+对勾[嘻嘻]//@穷游网:一个“小常识”哦~大家以后在越南旅行的时候可以留意一下~~相信楼主和相信我们那啥比起来，我更相信楼主……不解释，你懂滴！
1,幸福就是想睡就睡！[嘻嘻]
0,该不该来的都来了，我???又???感冒了[泪]。大鼻涕如同眼泪，那是哗哗的留呀，鼻头红的已经是惨不忍睹。就连我最不擅长的中低音，以及鼻音现在都是萨萨随了。代病工作一下，做个节目预报：今晚CCTV3   18：00现场直播＜天下有情人＞七夕晚会，我与@金美儿MIA 演唱＜等你爱我＞，报告完毕[打哈气]
0,那地方号称有吃此肉风俗[泪] //@无忧无虑的狗: [威武][威武]??敬你和所有的志愿者！ //@坚挺先生:拍照片时已经不敢直视狗狗们的眼睛…但眼泪还是控制不住一下就涌出来了...转个头把眼泪抹掉继续工作。
0,饿[晕]就不吃[哼]
0,你现在是在去怀柔的路上吗？[哈哈][哈哈] //@ice_梅子:[失望]
0,多好的天气啊~//@最爱876王峥: [泪]
1,亲们别怪我心狠手辣。怎么我好像是做坏事的呢 还有想转的没，马上开奖了//@ [围观][爱你]今天凌晨12点团购正式发售，十一点左右公布中奖者。[话筒][威武][给力]另外日料部本周将发行优惠券，满百元消费赠送20元消费券。好消息是团购主淫们额外消费者同样享受此优惠。[心][钟]快来转起[酷]
0,//@比王八蛋还正常：我靠，太神奇了//@C_C-放假了好爽:[衰]靠这也行
1,//@我心向月：呵呵//@圣衣：@崔颖格格 你老板很幽默~//@雁迷津渡：没想到丁磊一个理工男还有这急智啊，答得很不错//@名鞋库韩步勇:一分钟憋出的智慧[偷笑] // @吴松山 ：[哈哈] 这不是折腾人嘛，还好答的不错。
1,我在闭关中[哈哈]脸已经开始蜕皮了[哈哈]需要我出关的话给我打电话[哈哈] //@千里走单骑老赵:直接去医院了吗？不是约好今天见面吗？ //@丽江同城会:@红尘大叔 @赵天明 你们可以组织去看望下，我在华坪，过两天回丽江。
1,#玲子随手拍#有没有发现，这是用贝壳做的？[嘻嘻]
0,[可怜] 自杀[衰]需要怎样的勇气呀～ [蜡烛] [蜡烛] [蜡烛]
1,[爱你]看看人做生意，多实诚[笑哈哈]//@金碧辉煌姚小六: @桃妈努力下一百 @霍小驰 //@顾异的: 老徐啊，你现在也就能用省略号来表达对我的反抗了。//@徐厂长:我厂售后的???节操版本。
0,雨林中的午餐，木想到后面还有管够的猫山王大餐~[抓狂]@美食推 @云顶世界 @马来西亚旅游局 @拿福能Nuffnang  我在:http://t.cn/8kUcWVl
1,#时尚盛宴#好美的刺绣啊~谁学会了，送俺一个呗???[嘻嘻] Via：站酷
0,[泪] //@疯狂de精神病:山东火了，出了两个，还济字头的 //@汶上老道:当官的耳朵都是聋子，眼睛都盯着经济指标和官位，以及退休金了。//@陈自，泪奔[泪]//@老孔-约克豆壳儿:北京，你们太小儿科了。 想排上名次，你们还需多努力。@乐馨 @万德龙wonder @汶上老道 @济宁生活广播刘言 @济宁晚报 @Jackjungle
0,给你等到了！我也想要[泪]  //@曹小宇:啦啦啦啦啦啦啦啦啦 @凌小樱
1,[太开心][太开心]北京的孩纸就是好啊，过年不用折腾，只有辛苦咱们的留守妇女同胞啦[嘻嘻]
1,[威武]来洛阳吧，嵩县很不错。//@河南省旅游局官方微博:习大大来了？[鼓掌]记得吃开封美食哦，美食多的数不过来~[太开心]
1,那天有 //@Elaine0_0:1.26晚上会安排演出的吗？那两天开始放假[嘻嘻]//@王加林2011:[威武][威武][威武]
1,[鼓掌] “爸爸永远是你最坚强的后盾...”吕先生深情地对女儿说.今天是#父亲节#，吕小姐陪爸爸到都太海鲜自助吃饭，还幸运的中了奖，吕小姐兴奋不已.小编深感荣幸[害羞] ，为他们父亲节的幸福、快乐锦上添花！我们在这里祝愿吕爸爸和天下所有的父亲都天天开心、身体健康！@倩丫头小屋
0,//@生活领悟:准啊！！[泪] [泪]
1,今天早餐从简[偷笑][嘻嘻]
0,//@小漂回来：？？？//@记者阿坚：[伤心]//@大别山居: //@傲骨青松a：//@宇文鸿吟三生：//@呆呆??耍?三世: //@自由战士湖医生3：极权体制下屁民哪来活路！！！
1,人的信仰有时候真的很强大，大爱群里的所有朋友，大家付出的努力老大已经知道了，加油加油！[哈哈]
1,亲爱的朋友们：圣诞快乐！！！[din癫当圣诞树][可爱][太开心]
1,继续期待[威武][威武][威武][鼓掌][鼓掌][鼓掌] //@王开煜:[微风]
1,[嘻嘻][嘻嘻][鲜花][鲜花][话筒][话筒] //@胡海泉:kevin老师功力实在了得！让我们俩这个研发者惭愧呀惭愧！我俩一定勤于练习，争取早日可以为kevin老师的产品做介绍！[哈哈][哈哈][握手][握手]
1,可以睡觉了[鼓掌][挖鼻屎][偷笑]
0,回复@菁制美食:[可爱]多谢支持！ //@菁制美食:喝过，很好。 //@RealFoods:因为我们采用的是UHT超高温瞬时灭菌技术和利乐无菌包装，所以常温条件下也是可以存储的，绝对天然无添加  //@晓蕾蕾是我:真的？[衰][衰]   //@RealFoods:亲，真的没有防腐剂哦，可以完全放心饮用[偷笑]
0,[吃惊]天啊！不能喝伊利了[生病]真恶心[怒骂]别说一周了，万一是什么顽强的寄生虫……那你就成异形了……[生病]好恶心
0,[抓狂][抓狂][抓狂]这是今晚的表情~~ 不玩儿了，今晚输惨了~~[泪]
1,其实她还有一个情人，叫菜花炒。//@董阿丹: 你们都错了，据说Rose后来在北京生活两年，并且成为＂北京通＂，所以，他嫁给的那个人应该是京酱，他们一起研发出了名菜＂京酱肉丝＂ //@杰瑞etc:[哈哈]//@最年轻的两届F1世界冠军: 喷饭哦！！//@音乐足球: 真心冷
0,这不是你们要求的么//@sara雯雯: 这。。。怎么可以随便说出女孩子的年纪呢。[衰][泪][泪]@一笔征程
1,那就来段冷笑话吧！//@开心中卓越: 假作真时真亦假[打哈气]//@一斗自然全:老潘，是笑话还是真事？！你可要弄准啊！@一斗自然全: 高就高在，三部曲上了，先失声，后失态，三失常//@开心中卓越: [哈哈][哈哈][哈哈][哈哈][哈哈]高，实在是高!//@任志强:太屈才了。 //@潘石屹:到海南岛看到一条笑话，
1,在右边待着呢[哈哈]//@侯宁:[哈哈]牛啊你去哪儿了 //@武汉刘正涛:见解独到、精辟[哈哈][哈哈][哈哈]
1,[鼓掌][鼓掌]不错很大气！设计才是你的主业！摄影只是副业。主副业不要错位才最棒！没选我那个咔思路的设计还是小遗憾！ @kandiduan1218
1,晚餐和同学去吃的秋田日本料理，老店重新装修了感觉好大啊！菜品还是一如既往，走的美国风，时不时来试试很不错的！[嘻嘻][嘻嘻][嘻嘻]
1,回复@LiveCurious:重点是要敢说，最好是跟老外多交流，自己会说就自然会听了。 //@LiveCurious:美女，你学英文有什么好的方法吗？ //@潘晓婷:Kelly夸我英文进步啦[太开心][奥特曼]
1,#早安# 因为牵了手的手 来生还要一起走[爱你]
0,妹妹呀，你家是开酸奶铺的咩？！[怒] //@少爷不在家：转发微博
0,[bm可爱]//@满记甜品上海有限公司: 只有甜品才能治愈周六还要上班的心情[泪]
1,[哈哈] //@八卦_我实在是太CJ了:[偷笑] //@16号煞人武器:没有【滚粗】是不完整的 //@夏河: 回想阿弟在正月二十九那天站煤堆上唱了一首阿洪的拿手曲目＜纤夫的爱＞，工地的宣传栏上贴着洪弟二人当初元旦联欢会时的合影，唱到副歌天空飘下片片老玉米叶子，村民掌声雷动欢呼＂在一起！在一起＂
0,为什么那个十号线割脸的微博都会被删啊？！！！！！！！！[怒骂][怒][怒骂]
1,支持韩寒[哈哈] //@傅康in上海:曹雪芹一定有代笔 //@今何在:按方式逻辑：这只能证明鲁迅胡适钱钟书也有代笔……
1,忠心感谢亲的支持 [爱你]//@北京前门富力智选假日酒店: 中环假日的粽子年年都很好! 顶姐妹酒店一个!//@北京中环假日酒店: 也祝愿亲工作顺利天天开心！我们会继续把快乐传递下去，当然也离不开亲的鼎力支持哦[太阳]
1,还想再去一次//@檬女孩:[嘻嘻]
1,回复@李记白水羊头:李记白水羊头，老北京的名小吃。[赞]刀工讲究。@庞源BJ @老莫咔哧眼 @六味地黄丸子 //@李记白水羊头:[嘻嘻] //@黄玺赫:回复@李记白水羊头:好的，有时间看看去，离我不远。 //@李记白水羊头:白桥大街 //@黄玺赫:您家在花市有店铺？地址呢。
0,电脑360体检得了个0分，悲催~~~[泪]
1,到货到货[嘻嘻] @于忠国
1,早上收到一个易拉罐，打开盖发现是个表，后面带磁铁，原来是个大号冰箱贴~谢谢@SugarDumpling [可爱]
1,回复@向日葵开满地:[哈哈][哈哈][哈哈]我这个美... //@向日葵开满地:好看好看的嘞[鼓掌]
1,//@洪晃ilook: [鼓掌] //@平平她姨: 队伍越来越壮大！//@洪晃ilook:这也是新来的嘛。太好了，喜欢新人！
0,下雨了，我还在一个人在树林里，回去还好远…[衰]
1,今晚的#青檬音乐台#我为点歌狂，我来搅和喽。大家一起来参加今天的音乐HighParty吧！送祝福，点歌喽！http://t.cn/hixfe[嘻嘻]
1,我的来历有点儿长[嘻嘻]//@踩出一个世界: 因为在户外，“不死”是第一重要的事情！先于勇气、骨气和帅气[哈哈]
1,回复@匪类也柔情8866:我走了好久了 //@匪类也柔情8866:[甩甩手]我不饿，也不馋，晚餐吃太多了，正在消食 //@无须豆蔻:回复@匪类也柔情8866:马上发晚餐  //@匪类也柔情8866:[哈哈]那就继续减肥！  //@无须豆蔻:回复@匪类也柔情8866:好吧   //@匪类也柔情8866:[偷笑]减肥就是一个真实的谎言！
1,#小编传送门#谷声新书驾到！[鼓掌]
1,西游记、济公、神雕侠侣、毕姥爷七天乐、甄寰、情暖人间。。。[挖鼻屎][花心][鼓掌][失望][害羞][书呆子][困][悲伤][感冒][黑线]
0,周末就是人多[泪]
0,【早安】额错咧，额一开始就错咧，如果额不到这个地方上班，额滴肥油君就不会死，肥油君不死额就不会沦落到介个伤心的地方，额苦心经营的顶层设计也不会就这样死无声息，我握住自己的左手用力摇晃道：困难是暂时的，信心比黄金更宝贵。。。。。。擦[悲伤]，报纸订多了，求收购回笼资金[泪]。
0,总算结束了，追剧太累 //@西西CC-如花似玉小姨妈://@宋慧乔中文网: 不想说再见[泪]
1,早[呵呵]//@剑漂江湖7960: 过好今天，才是醒来的第一件正事。[赞][鼓掌]
1,真实就好[哈哈]有网络收听地址不？
0,[泪][泪] //@火龙美食1968:老人家走好。[泪]@leon1300  @金牌厨师磊磊 @得着您那2011   //@haimao666:[蜡烛][蜡烛][蜡烛]
0,"哈哈 //@楼佳云:最右无敌了[衰]//@蔡景晖: ---》//@心在喜马拉雅: 跪最右。 //@和菜头://@球叔:最右-->//@虫二蓓蓓: 最右//@True-See: 最右-->//@MG-能能哥: 本周最佳段子--->//@学长的女人: 问印度人电话号码，66603629她说：sex sex sex,oh, free sex tonight."
0,我也要！[泪][泪][泪]8月快来吧！我们厮混！
1,这个人体彩绘实在很牛：美国总统奥巴马！[嘻嘻]
1,直播马上开始，@嘉佳 和我要为大家搜索京城著名的韩式烧烤，哪儿的好吃？欢迎吃货们踊跃推荐！！！[太开心]
0,[感冒][感冒][感冒]昨晚病痛又加重了 又折腾了一夜[悲伤]疼得我一夜未睡。最近视力很迷糊！总是犯困、经常眼前发黑。痛起来心情很糟糕[悲伤]不过现在科技真好。白天一检测、身体各项体能又出问题。真希望这些仪器有效果。让我快些健康 不再那么痛苦。 我在这里:http://t.cn/zHeXnco
1,@lien-ping 姐姐~~~您最爱的@背包客小鹏 [哈哈][哈哈][哈哈]文字请戳――http://t.cn/zY4I74v @隐居系鲁娜 [brd谨][brd贺][brd新][brd年][偷笑][偷笑]
1,@李峥嵘 [爱你] //@王赛赛:[爱心传递][爱心传递]// @MissBear_思思 : @协和小面包
0,那家还能再贵再难吃点儿吗。。。！！[伤心]//@武越明: 唉呀妈呀！@玩家惠的末少爷 @黄小闲86 @iam王璞 @lucky浮云 @闫茵 坑爹呢！
0,醒来看到这个[泪]，我也想去大西北
1,[哈哈]//@许川子: 哈哈哈，太欢乐了，PS真是一门神技！
0,拼了[抓狂][钱][抓狂][抓狂] //@李小四四:耶耶耶耶兔~~~~[//@yvonne520: 耶耶耶~~~~[偷乐]
0,[伤心] //@经典丶微小说:一面伤人，一面伤己[伤心]
0,这根本不是爱情，是报应 //@陈孟超Michael:爱情就是这么奇妙，谁也说不清楚。 //@沈长宁：这是一种美德，也是光荣？[怒骂]
0,[酷]@孙午饭 @MilkSilk @我们天晴的日子 @暴走米拉 @老鼠的奶酪  //@最销魂的GIF图:卧槽！！这乐队逆了天了[抓狂] 。。
1,回到办公室，桌上摆着好大个箱子[吃惊][鼓掌]，谢谢@张小茜童鞋 [亲亲]，我一定好好坚持，美美哒[太开心]
1,回复@权金城韩国烧烤:@陈玉霞博斐秀禾 @瑷羽小姐 @阿誉菜品设计总监 @贝太食品造型师健伟 @鼎好韩震 @崇文老王 //@权金城韩国烧烤:给力活动一波接一波啊！亲们加油啊~~手机会有的，肉肉也会有的，哇哈哈~~[嘻嘻]@宋岩Q_Q @百合的泪一金花 @熊丽电台 @陌白渺渺 @纪春月 @勤劳的工作狂 @彭涌_爱美食
0,乍一看还以为你是东莞市委书记呢 //@鹿飞马:惭愧，我管东莞快一年了，不知道此事。商业地产受经济之殇，忒重。 //@卢丹2010:@张家鹏-Michael   //@王永平商业地产: 是 //@田培善: MALL，冒了[悲伤]
0,我在#大鸭梨烤鸭店光彩路店#。准备开始战斗[衰]~http://t.cn/zYJoKK6（来自@微美食客户端）
1,【新手必看：摄影入门五步走】摄影是需要花费时间，付出耐心滴~ 咱们先从入门开始吧！[嘻嘻]
1,生日快乐亲爱的[蛋糕][蛋糕][蛋糕] //@演员朱虹:[嘻嘻][哈哈] 咱年轻就是好???????// @王辉0320 :  @演员朱虹   姐十八岁生日快乐！！！终于成年了呢，嘻嘻[鼓掌]
0,打电话是为了安慰你，结果先哭的是我。。。太不争气了。。。 我们的爷爷在天堂都会安好的。你的难过我一样感同身受，乖~ @黄-小乐 [蜡烛][泪]
0,老爸6点起来给我做早餐，活生生把我吵醒，真不知道该哭该笑！[晕][晕]
0,谢谢大明星这么捧场！不过[泪]我只能在电视上看你塑造的新版蜘蛛精了[花心]~//@演员张莉莎:今天带妈妈去看了你们的演出，很喜欢你的表演风格！加油小绿！[微风][微风][微风] //@嘻哈包袱铺韩凤霆:走你~[飞机]
0,刚喝完酒路过古城，想起还有那么多人无房可住，又爱心泛滥。壮着酒胆问了三个美女“你需要帮助吗？”一个美女说不需要一个美女骂我精神病，还有一个美女一句话就让我眼泪下来了，她说：我看你需要帮助了。。。。[泪]
0,风雪夜是一定悲催的限行和加班的[泪]以及活生生看着公交出站[泪][泪]实在没救了。
1,阿瓜：你老婆和她妹妹长得真像，简直就像双胞胎。你怎么把她们区分开的？阿呆：这简单。当我吻她妹妹的时候，我老婆立马会跟我吵起来！[哈哈]各位早安！我在这里：#儋州市#
0,咔咔，感觉你和小胖有神雕侠侣的味道出来了。[哈哈] //@summer的家微博:回复  @臻臻小窝 :矮油 介里的天气的确很干 我的皮肤都干啦 8过 天气变冷了草当然变黄了 并不是因为干[晕] // @臻臻小窝 :草原看上去比去年还要干，雨水太少了，看不到一望无际绿油油的草原，那才叫壮观！
0,转了！//@蕾姐:老爷子哎！[抓狂][泪][怒]
0,这货最近热心的不行~~不知是何居心~暂且转着~~姑娘是真心的着急找房！可惜我刚定完续约~不然一起租..三只狗狗一定好热闹~柯基和柴犬一定能成为好朋友[伤心] @董事长TAOVIVI
1,回复@芦一洲:你忘了感谢@方龄 MM[嘻嘻][哈哈] //@芦一洲:感谢CCTV，感谢MTV，感谢NBA，感谢WCBA，感谢赵薇，许巍，丁俊晖和敌敌畏。。。。。我们是――神经四侠！哈！
1,好提议[good]不过刚刚一时眼花看成巧克力里放冰糖[馋嘴] //@冰糖Candy:[花心][鼓掌]巧克袋里放几块冰糖[偷笑]
0,睡不着、胃疼特别疼！疼死了[泪][泪][泪][泪][抓狂][抓狂][抓狂]
1,太期待了[太开心]//@大妞媛儿: 几大P的深度访谈，期待着吧！ //@翟小k:[酷][酷][酷] //@先生聂心?:哎呀，太后吉祥！[赞] @xuuxoo甘鹏 //@上海电视互动公社: 越来越爱。[爱你]
0,听说我拉肚子，小伙伴们纷纷发来贺电。贺电！[怒骂][哼]
0,今天各单位都集体迟到了。应该早些通知，让大家做好时间预留准备。[衰][衰][衰]
0,[泪]这世界没有如果[泪]
1,@拉卡拉 在我家电梯里偶然发现的 这是不是有点太方便了[花心][花心][花心] 苹果表现不错 拍的够清楚吧 不经任何加工 原汁原味[鼓掌]
1,@merlinsher @我是粼粼 [嘻嘻]
0,#顶级厨师# 昨晚今晚的节目真不错[给力]！！就是胡队长肿么被淘汰了[悲伤]，奇怪的是力保李小鹏的她却最后希望或看好洪宏星[思考]，太奇怪了！！看来他们三人必有私情！！！[偷笑]下周又不知道谁会被淘汰了[抓狂]，看来往下看不是宫心计了，貌似要顶级厨房步步惊心了[心]！！
1,有爱的合影[可爱][哈哈][亲亲]
1,心爱的小白已售啦~感谢各位帮助。卖东西真好玩~[鼓掌]
0,我都还没舍得摘吃[泪]
1,这两个指标一旦确认公布，影响深远。1、郊区房更趋抢手；2、城市旅游业受挫；3、更加严厉的车辆限行限购；4、作用明确的家用空气过滤机器畅销。还有啥？大家补充//@风云beijing:潘还是起了一定作用。[鼓掌]
1,是呀，给高峰再配个高中锋，老安8错[嘻嘻] //@Unique_Peach:心目中的高峰！//@胃怀天下: 哈哈，北京国安二十年的确应该搞个这样的活动@北京国安官方微博
1,Me too[可爱]
1,我也跟着你读了一遍。[嘻嘻]  //@oliang_欧多吉:我读了一遍
1,[嘻嘻]//@新鲜旅厦门: #小新小浪侣行记#雪山之颠，小新历尽艰险，在喜羊羊的指引下，终在神山之畔，与小浪相遇。
0,C-4台在播长沙的节目，正起劲吹着橘子洲的烟火晚会，据说每周都有，次次不落。仔细想来，没有伟大主席的诗句，就没有橘子洲的知名，就没有形象工程的土壤，就不会有每周那么多地方财政的浪费。哎！[泪]
1,[哈哈] //@重工组长于彦舒: 全TM扯淡____赵高 //@黑匣子陈廖宇:汤圆加鸡蛋滚水服下，可治腹饥_____李时珍。 //@沈庆:当断不断，反受其乱。――东方不败 //@曾克: 没有被侮辱过的人一定不会懂得美丽的含义――伍子胥 //@沈庆: 长得瘦的人不一定跳得最高。――时迁 /
0,今天的大本营有没有精彩到意犹未尽？[嘻嘻]因为时长有限，为了保留相对完整的节目给大家看。[泪]我们忍痛割爱拿出了圆台“斗肚”游戏放到以后的节目中播出！[鼓掌]超值精彩，未完待续哦！[ok]
0,我是四院出生的。。。[泪] //@腼腆狮子_:为啥每次看到博主的名字总是自觉不自觉的把“出”字和“中”字重点读一遍[汗]我可能是病了[生病]//@火星UncleMartin:11中的向没有操场的同学问好//@国安小号帝:109的飘过，住在法华寺//@火星UncleMartin:博主是咱们师妹//@苏珊娜and赵匡胤:现在我合同医院还是哪
0,结不起。。不结了[悲伤]
0,@丁丁看世界  迟到，迟到[怒][怒]
0,//@SCC宽宽:做为双子不转会死全家的……[衰]
0,[抓狂][抓狂][抓狂][抓狂][抓狂]
1,胸太小了，配花饰，总凑合个相得益彰。。 [嘻嘻]
0,去年圣诞节杯具的感冒了，百年一遇 啊 [泪] @奶油巧克力DP @jolly啦啦啦 @V老大的小跟屁虫 @seagie @自由GreenTea
0,今天完全出乎我们想象，门外10张桌子全部坐满了，从下午一点开售到晚上6点没断过，基本上3点钟的时候所有准备的蛋糕和甜品都几乎卖光，随后虽然又制作了很多，但还是不够…[抓狂]这个点才回家，又做了些新品配合明天的售卖活动，下午2点开始哈！[泪][泪][泪]
1,哥哥啊，真是为难啊，你能去饭店买炒勺吗？不能吧。你能去澡堂买拖鞋吗？不能吧。你能去修鞋摊买钉子吗？不能吧。你能到一麻一辣买瓶子吗？不能吧[偷笑] //@一麻一辣周少华:回复@miss素素:不好意思，卖不了[亲亲]  //@miss素素:你们那的饮料玻璃瓶能卖不………？  //@一麻一辣周少华:转发微博
1,倒鸭子[哈哈][哈哈] //@桔子水晶陈中:终于等到八点二十了-_-///倒鸭子第二季之削苹果。
0,吐槽无力~鸭梨山大~//@林珍颖：[衰] [吃惊] [闭嘴]
0,再去看看。 //@小皮爱吃东西:每天路过，都没认出教授[泪]
0,赚钱真是件费心费力的事[泪]
1,就在今晚十点哦！准备好了吗[哈哈][哈哈][哈哈]转发有奖小编私福利活动又开始咯！关注我们并@五位有效好友 说说你对百变的建议，就有机会获得明星签名明信片哦！[偷笑][偷笑][围观][围观]赶紧走一个！
1,回复@瞿颖:你才是一点没变，还那么紧致！[嘻嘻]你哪天空了，我们火锅走起来！ //@瞿颖:赞一个！
1,竟然没封思密达[哈哈] //@叫兽易小星:这一集全程高能，未满30岁建议在父母陪同下观看
0,[抓狂][抓狂][悲伤]
0,[泪]@宇过天新:【未能刊登出来的文字】7月22日，暴雨后，杜伟和哥哥找遍沿途的所有医院、派出所、灾民安置点，没有郑冬洁的消息。他们的报警求助被房山推给丰台，又由丰台推回房山；7月23日，哥俩儿守在京港澳高速救援现场，被告知不准拍照，不准录像，不准到高处，唯独没人告知“郑冬洁”在哪儿。
1,想去都快想疯了[抓狂] //@冰宇尘DAY:怀念在清迈小住的几日[太开心]
1,回复@岳丽娜演员:嗯~一定~还要悄悄地和娜姐说[害羞] ~@现场妹小璐 给娜姐发的私信中还有一个问题请娜姐帮帮我们哦~ //@岳丽娜演员:回复@最佳现场刘欣:真好！有缘人要常来往啊~~~[可爱] //@最佳现场刘欣:期待~ //@岳丽娜演员:今日《铁梨花》再次飘过我们天空，有缘人共体味。[咖啡] [微风]
1,祝我们的大才子@叔之骑士日记 生日快乐[蛋糕] 希望在我们这个创意团队中，闪亮的舞台上可以充分展示你的才华。也期待多年后，你会成为像李宗盛那样功成名就的文艺男[嘻嘻]
1,现在木有介么大的雪了[嘻嘻] //@全球潮流街拍:在东北学生都是玩命去上学的！！！
1,新【#七绝 王莲#-----和接雅然】（新韵）武?含情倚?舷，紫云发髻卷头悬。绿拥月下芳心醉，嗔语芙蓉遮俏颜。/@乐创意 @紫燕雅然 //@紫燕雅然:回复@乐创意:谢谢创意老师精美画图！[太开心] //@乐创意:[good][咖啡] //@紫燕雅然: [太开心]谢谢啦，[茶]多多指点哦。。。 //@天南地北911:唯我独艳。
1,不睡觉，乱写一通，让朋友劳心了。呵呵。哪有这多复杂。俺真真是简单明了之人，俺没有来得及说的是：文字经常是烟雾、甚至瘴气。[哈哈]
1,#玩点特别的#【世界各地趣(qi)味(pa)电话亭】作为电话亭，你们长成这样是要闹哪样啊[哈哈]你希望你的城市来哪一款呢？http://t.cn/8sa5a8R
0,//@全球热门搜罗：世界上最幸福的女人...太感动了！！[泪]
1,回复@小元三之助:美版我还真没看过！maroon5要来了！神马时候我的火星哥能来开唱ya[爱你]//@lydia_鹅:就是，我就喜欢小嗓子
0,[吃惊][悲伤]
1,welcome!!![哈哈]//@Angel媛洋: @TOMTM 咱们去吧
0,@光头老薛 @晴天萝卜腿 哈哈//@奘七七: [泪] 林书豪，罗玉凤和方舟子不会放过你的。
1,"#诗之印记#晚餐在""桃苑皇宫""次滴,虎虾火锅,咸蛋黄炒蟹,三杯鸡,海底鸡鱼,三味汁排骨,四大天王~~~[嘻嘻]味道相当[给力]哦好好味[馋嘴]@美丽沙巴 @乐翻婆罗洲  @Abby45 @阮导 @小米麻? @JEFFCHEN在台湾 @许耀汉 @爱厉声ally  #乐翻婆罗洲#"
0,"姐妹我建议咱俩单聊~//@白白焦糖玛奇朵: 那就是下个月了[泪]首尔转会贵很多么//@李洁-alina: 姐妹你说真的啊~~要想去的话 怎么都能配搭啦~~~你结婚纪念日的时候应该去一次~~//@白白焦糖玛奇朵: 有么?首尔转的,最好能停2天的哈哈"
1,欢迎！住的开心～[嘻嘻]
1,哈哈哈?赢下第1001场?[哈哈][酷]
0,又毁了一批孩子！[怒]//@袁强足球:怎么都是小朋友呀！太不应该了//@足球大妈: 看台上的小球迷啊~~
1,"Wish you a pleasant holiday~ //@狐狸有不一样的伪装: @飞o那儿 @SherryLuo_0 @筱猪八 whatever three of us, full of fun and wish magic RP! [嘻嘻]"
0,[花心][花心][花心][怒骂]//@豪昌淮倪:#2013艾丽华意大利美食节# 不知道谁有这个好运气呀，幸运女神降临我家吧，我开门迎接啦  地址：http://t.cn/zTF7z04
0,"[伤心]Really Sad, right?"
0,终于回来了[泪] //@欧弟:[泪]好想大家！ // @何炅 :[耶][耶][耶]欢迎回家！
0,天气越来越热！刚才吃饭，竟汗流浃背！这天气也太没有衔接了！[晕]
0,其实想想现在挺怕投入感情的！除了那个人真的爱你…天蝎座可以玩，可以玩的很嗨！一旦你让天蝎座爱上你他是真的爱上你了，是真的投入感情了，爱的很痴很自私很累。多希望自己不是天蝎座可以不那么自己和自己纠结。[泪]
0,买单的已经发话啦[偷笑]//@ebeecake: 欢迎来享受美味~[笑哈哈]//@Jenny娟娟: 下次去一定要吃吃吃~~[嘻嘻]//@宫元书美食摄影: 哈哈[来]还有咖啡！//@Jenny娟娟: 回复@轶凡乐学成长空间:是啊是啊。。。我也好馋。。肿么办肿么办[抓狂][抓狂][抓狂] 也许去了北京宫大师会请我吃滴[馋嘴][馋嘴][哈哈][
1,谢谢您的喜爱，喜欢要常来哦！[哈哈]
1,好的，见证，不过他没摊了//@田畔之家:回复@慢庄园:周六自愿帮您出摊半天，并义务介绍您的专业工具。请@余地农庄 证明[哈哈] //@慢庄园:。。。您老老挤兑我。这是职业选手用滴。 //@田畔之家:这是不会种菜的菜农用的[哈哈] //@余地农庄: 回复@Brendee_徐猫猫:种菜工具，猜猜怎么用？ //@Bren
0,现在在外面吃饭都成了问题，可怕[衰]
0,#蓝色王府池#【网曝王府池子遭污染】近日，有市民反映，王府池子遭到污染变成了蓝色，如果不告诉你图片是哪里，你能想像的到这是王府池子吗？[抓狂]赏泉易，保泉不易，且赏且珍惜！[吃惊]@济南环保 @山东环境
0,给我滚开，我只是想清清闲闲的过日子而已！~[怒骂]
1,尕2??参加的贵州电视台节目于大年十五（2月14日）晚23：00准点再次在贵州电视台第4频道做为元宵特别节目播出，敬请观看！[嘻嘻]
0,头一次自己喝酒！！以前自己都不下去，这次自己一瓶不够！继续！[泪][泪][泪]！
1,[鼓掌][做鬼脸] //@陈倩冰:[鼓掌][酷]
0,从认识你以后 你便走进了我心里 直到现在直到未来直到永久[泪]
0,下雨天干活的人伤不起啊[泪][泪]浑身湿透，饥寒交迫[泪][泪]@文凯冯KEVIN @南小京_show 求温暖求援助[委屈][委屈]@回家路上hw @喵星俊典入侵
1,[爱你]美人为什么那么爱茶呢？其一，茶，解渴，比喝白水有味；其二，茶叶维生素含量很高，只需25克可满足一日需要。其三，茶多酚与咖啡碱，前者抗衰老，后者提神其四，维生素B对皮肤有好处。其五，茶叶含有人体所需无机盐和矿物质。其六，陶冶情操，爱上茶，爱上一种生活方式。
0,据俺统计 女性为之倾其所有的首位男性 百分之九十五只会给她带来痛苦[泪][泪][泪]深深地[泪][泪][泪]
0,//@任卫新: 直到现在，巨额的停车费和违章罚款的钱到哪里去了也没说个清楚。[怒]//@哇靠Vocal: 真稀罕~谁TM没事爱堵着啊~你倒是给条通畅的路啊！拥堵谁之过啊~难不成都吃饱撑着北京日日游啊！这也太荒唐了吧！[生病]公家的有的报销???可小老百姓呢！
0,"这不是瞎说呢，都是按拼音排列的，我的第七个是北京周边旅游咨询//@女匪007：我的第七个是妹妹[吃惊]//@千王之王William:我Kao,第七个是我大学同学，还是个纯爷们儿[晕]// @MfkGss77 :绝Bee不敢，内是我健身教练。。。。。[酷]"
1,终究会实现的[爱你]
0,#Loli厨房出品#今日晚餐。炒黄鱼柳，咸肉千张蒸青菜。咖喱什蔬。青菜本来摆满的，一蒸都缩到百叶下面，看不见啦。要去买个电蒸锅，两个炉灶，一个蒸，只有一个烧菜，明显拖慢做菜速度了[抓狂]
0,无语，无奈，唯有自强才能不被人欺负，胆敢来犯者定叫你付出代价。[怒] 我在这里:http://t.cn/zljXPyI
0,[爱你][爱你] //@帘子子:你没事爱特我干嘛啦[抓狂][抓狂][抓狂] // @束小女青 :童鞋们，这个冬天会肥死掉吧……[泪] @jx燕尾蝶   @帘子子   @悟空猴   @lollipop晴
1,#台湾自由行#还记得这个场景么~可以看到台北迷人的夜景喔！对啦！就是程又青和李大仁喝酒谈心的地方啦！内湖剑南山~只要从内湖剑南路顺行10多分钟，就能远眺美丽华摩天轮和101璀璨夜景。记得带打啤酒来赏景喔！[嘻嘻]
1,转发//@孙菩提小向日葵: 回复@津门萨内蒂:[做鬼脸][太阳] //@津门萨内蒂:[可爱]应该的，支持静静。 //@孙菩提小向日葵:[鼓掌][鼓掌][鼓掌]总理是好总理 //@津门萨内蒂:[转发]转 //@孙菩提小向日葵: 回复@千字年:欢迎欣姐多多支持[哈哈] //@千字年:这个有爱啊～
1,新鲜热辣的面包出炉了，谁想来上一啖快报名[嘻嘻]
0,"＂冯主编,如方便请把教育及人事方面的杂志朋友联络方式给我,多谢＂＂不好意思,刚才那么早短信您＂，刚刚前后两条，我实在不知道怎么回啊？[泪]"
0,你俩都24[偷笑] //@曹涤非:回复@王杰joy:咱们是同龄人![嘻嘻] //@王杰joy:咦，我也属龙~哈哈 //@曹涤非:属龙的我居然是...[晕][泪][疑问][思考]
0,这位置不太好！[衰][衰][衰] http://t.cn/zOgx0GB
1,#以姐妹之名#我想和@惟妙唯潇仙子 去新西兰自由旅行[爱你]
1,穿越了，又抢占了您的地盘，哈哈，趁着您不在，坐上您的这把龙椅了，哈哈！孩儿啊，你这让你师傅@国医钮雪松 情何以堪啊，@国医王平@国医倪国勇 @国医闫松涛 据说还去了您几位的宝座上体验了一把，这小子看来要霸占地盘了！@冷眼观山 要好好教育一下您的孺子了！[哈哈][汗]
0,想吃披萨鸟……自从自己成功烤制了披萨，就对什么必胜客之类不屑一顾了[泪]不过今天家里没有饼底，想吃也没用啊！！！哦嗷嗷嗷
1,[兔子][奥特曼][嘻嘻]//@第一无线: 新生命总量带来快乐@首都大酒店官方微博
0,[怒] 作为忠实歌迷，竟然不记得这是第几次了？！//@包包-又见阳光:这好像是大庆小芳组合的央视首秀吧~[鼓掌][鼓掌][鼓掌] //@北京烤大黄鸭: @徐子崴 @荣焰伟 @2013声崴大震
1,好傲娇的猫咪[嘻嘻]
0,回复@有福社长:必须以肥为宏福～与挚友有福共勉[推荐] //@有福社长:[哈哈]四十有余也！惭愧！惭愧！[泪] //@有福社长:好孩子不仅仅是学习好。
1,[嘻嘻]难得这两天晴空万里无云呐！
0,喉咙痛[泪]，这是要感冒呢还是感冒呢？
0,咳嗽咳的我呦~本来以为都好了呢，结果又开始疯狂的咳[晕]现在，我真的是在用＂心＂的病着[泪]
0,@谢娜 娜姐要把捧花抛给下面，[抓狂] 看来@何炅 何老师不太开心啊！[嘻嘻] 看他的表情……[哈哈] 要不让花艺老师再给你也轧一束？
0,你们这帮骗子，外面根本就没下雪！下的是雨！[怒骂]
0,早高峰8分钟间隔，疯了吧[抓狂]
0,各种凌乱好吗？[抓狂][抓狂][抓狂]
1,马马[爱你]
0,嗯，弄乱你头发的不是零下十五度的风，是发型师................我胃痛。 //@嘉睿W:为什么要放这张啊[泪]还是@song寿松 手抖时候照的[汗]为了我们的微博春晚，不过再丑我也要转出来。好节目多多，请大家持续关注
0,哈哈哈~我要笑死了，亲，你们是专业滴~[偷笑] //@宓窈:明儿好好伺候着哈[嘻嘻][嘻嘻][嘻嘻]//@oO爱睡懒觉的猫: 明儿个从伴娘降级成宫女了！！！[泪][泪][泪]
1,这一路睡的安静甜蜜[嘻嘻]
1,我想体验，哈哈 //@ameatnet:回复@紫色流星云30:体验排队。 //@紫色流星云30:回复@ameatnet:就是凑个热闹，看看到底有多火爆。[嘻嘻]
1,[爱你]//@GT-RT: Marc Jacobs！
0,你不会看中文吗？[抓狂][思考][挖鼻屎]//@AMMATA:去哪里啊
1,老朋友见面啦！[鼓掌]@陈璐鹭 @桃签签 看！是谁那时说我们像来着[心]改天聚聚呗！！再吃个牛杂！！
0,人性之恶//@黄茜:[怒]//@徐建业微博://@张宇翔de花言巧宇:操！你！娘！
0,//@daisy天天:啥都不用说了！//@?小?-未来的Pro:数据说明一切  // @洪晃ilook :// @张欣 ://  @热门微博  :最后知道真相的我眼泪掉下来～[泪]
0,爱妈妈//@18岁以下禁止围观: [泪] 这个要转
0,回复@俗人杨舒凡:同志们相信一次铁道部门 //@俗人杨舒凡:今天，不可能了 //@戴周颖:我是回不了北京[泪] //@倪正东:早上7：30的飞机，估计晚上7点才能起飞了，唉。。。这个周六，变成候机日了。。。
0,困的要死，没法睡觉，腰酸背痛，要我老命，无力空调，热煞我也[抓狂][抓狂][抓狂][抓狂][抓狂][抓狂][抓狂]
1,#塞太阳#我在意大利托斯卡纳地区渔村的海边。那天的阳光真好艳阳高照，生活就该是好好享受一个日出接着一个日出。[哈哈] @阿里斯托AristoDevelopers   @记者杜其飞  @单o翼o @乌龟EX2 地址：http://t.cn/zYBpUq1
0,"#微美食随手拍#排行榜上的前几名的菜,今天点菜很不顺,很多都没有了.[失望]@一坐一忘 @微美食"
1,恭喜王老师哈！祝贺！祝贺！[鼓掌]
0,回复@?口浪尖上的船长:这孙子还tm记者哪，丫是犯了众怒了，找骂。[怒骂] //@?口浪尖上的船长:TMD!????子跟那女禽?是一伙的!Cao! //@zivzhang:别装孙子了，回家揪着你们家孩子的耳朵提起来，看看笑还是哭！[怒]
1,能中不？[嘻嘻]//@AITACYCLE:继续转起！记得关注我们并@ 一位好友才能参加抽奖。
0,胳膊疼了好几天，宝贝太沉了（8个月30斤）#青岛往事#剧情：革命者的宝宝寄养在我家，需要宝宝对我笑[嘻嘻]可拍了N多条，宝宝就是不笑，我分析是脸蛋肉肉多，笑不动[泪]幸亏有贴心奶爸@黄渤 每拍完一镜都帮我抱着胖宝…突然想妈妈了，当妈真不容易！[亲亲]
1,【远方的喜讯】‘我怀孕啦，谢谢您。’四川宜宾的遥控患者，网上发来喜讯，她怀孕三个月啦。[爱你]
0,//@口袋诗词:R级喜剧《泰迪熊》主题曲MV 萌到爆[泪]可惜不能在国内上映！欢迎来到#黑童话#的世界，喜欢请关注@黑童话集选
1,回复@?果的化?箱:去啊!!! 同埋又可以玩相?[嘻嘻] //@?果的化?箱:回复 @OL醉??房:?要?返?局喇！
1,拉萨见 //@不死渔夫:8月见 //@陈坤:全国的在职和未来要在职的老师们，一起来行走吧！＂用脚步丈量喜马拉雅，做自己内心国土的国王＂！[哈哈][哈哈][哈哈]
1,我十秒找到的[嘻嘻] //@潮流趣味坊:转
0,[泪] //@爱尚奢侈品:无
1,“打死我也不说”[嘻嘻] //@行者林清平:＜＜书名暂时保密＞＞
0,每次都特别不情愿的开始，却又必须开始[失望]
1,一会儿@大连17Club  求偶遇[可爱]
0,啊！妈呀！雷声好大！害怕了！[泪]
1,瑶里的梅岭万朵卷丹百合将绽放，亲们可以来拍照哦[爱你]
0,宝贝你要干嘛，照顾好自己哦，等你回来//@我是梁艺馨:回复  @王莹小慧 :[泪][泪][泪][泪][泪] // @王莹小慧 :不光表情，人也二
0,不懂管理的领导真是害死全公司[衰]奇葩太多了
1,[爱你]美丽魔法师，10分钟变脸大赛！[鼓掌]
1,[爱你]早安，虽然多数地方不是下雨就是下雪，但是这种天气提供了让家人亲友坐在一起泡茶的机会！[话筒]忙了一年的人们确实需要放松一下，你说呢？
0,昨上午还在陶然亭那边[晕]//@黑珍珠玛丽亚: [生病]还有我在机场等了一天……
1,注意最后的一个画面，改成一周双播了。8月11日起，每周四、五晚21:38中国教育电视台一频道。另外，为庆祝双播，@阿涛老师　改名为@尚涛　[威武] [鼓掌]
0,[泪]瞬间觉得自己是废物
1,我爱上了-----[偷笑][偷笑]来看看你生日那天发生了什么[嘻嘻][嘻嘻]
1,//@爻木木:各位GGJJ帮忙转啊 [爱你] [爱你] @alicia浪迹天涯多奢侈   @陈颖睿   @ikea赵    @叶叶   @王子乔   @飞马旅顾冰   @任学安   @李如二   @申音   @石世仑   @通用航空李晨   @陈伟的日本商业史   @酊然也不要V
1,有多少科蜜是被“洛杉矶四点钟的样子”感动了，震撼了！从此爱上这个男人不能自拔了！！[心]亲，今天晚上22:30带着妈妈一起看节目吧，相信看过《开讲啦》，妈妈也会认真爱上科比的！！[爱你]
1,回复@米雪的美好生活:你再找vivian要嘛[偷笑] 美人配佳作呀~~ 下次一定要去威尼斯和罗马[哈哈] //@米雪的美好生活:我pitch的，我却没有样刊。@郭小熠
1,向见义勇为的英雄致敬……[鼓掌]
0,//@拖延症de菲熊想吃雪糕:发源自中国的犬种有松狮，好像还有个什么西藏狮子犬。。。。不熟悉，请教@肉感香艳又刺激  //@月光下滴猫: [泪]
1,这一碗小小的米粉，牵动着多少游子的胃。@蓝天下的荞麦 @蓝蓝红花朵 @彭啦啦 @珠宝杨宇辉 @摩迈 馋了没？[嘻嘻]
0,空闲的时候就剩吃了[衰]?
0,//@未满十八周岁的禁止关注:这特么就是爱情！[泪]
1,幸亏酒店都比较高端，希望WIFI给力[哈哈]//@Sugar芒果小奶昔:果断Wifi微信
1,就在二上徘徊[哈哈]//@皓伦王明川:到四级了[哈哈]
0,想念鼓浪屿[泪] 我在:http://t.cn/zYnvbaj
1,回复@拥趸人生:打泡泡[吃惊] 好吧，其实是那么大的厨房岛台都占满啦！[抓狂]//@拥趸人生:都去洗手池的电源打泡泡了[偷笑]//@EchoBookCafe:回复@一个人的旅程也精彩:是定制活动，没办法参加哦！下次有活动节目通知你哦?[嘻嘻]//@一个人的旅程也精彩:回复@EchoBookCafe:怎么参加呀[花心]
0,电子牌什么状况[晕]这么血腥[汗] 我在#首都机场T2停机坪# http://t.cn/zll34xM
0,沉溺在各种美食美酒美好时光两周后，悄然长到了68.8公斤快。。。果断BC+CX走起，这周要减到66.8公斤！！！[抓狂]@Leo__谢帆 @Zeki-曾鹏
0,//@全球潮流街拍：最近实在没钱了……[泪]
0,哎呦，看得我眼泪飙出来了~ //@大海炫动文创:[泪][泪][泪][泪][泪][泪][泪]心痛~
1,今天是感恩节，今天的鸡是感恩节的鸡，让我们一起感恩，一起吃鸡吧! [哈哈][哈哈][嘻嘻][嘻嘻][偷笑][偷笑]
0,回不去学生时代啦，中枪的转发//@Moi_bordel: 真牛逼 //@枝茄: 看哭了居然[泪] //@小萌萌小:[泪][泪] //@灿烂一夏宝贝: 回不去的青春[飞机]//@陈流浪嘉: [泪]
0,[怒]害人的酒驾！[蜡烛]
1,[嘻嘻] //@全球时尚:越2的女人心地越善良 @小小菜CAICAI @雅-宝
0,[鼓掌][鼓掌][鼓掌] 到位的很！//@兰天洋:各位，看看俺点评的还到位？[嘻嘻]PS：谁让我减肥来着？这看上去不胖嘛。、、谁在让我减肥我跟谁急[怒][嘻嘻]
1,貌似眼睛很大哎！一定很萌~~恭喜恭喜！//@i蒙奇奇:哇！恭喜恭喜！我喇叭一圈 大家快来看 小林当爸爸啦 @heartqueen @乔景祺 @路迦Loka [可爱]
1,亲爱的等你来啊哈哈[哈哈] //@李千岁:最近走一趟！ //@孙婉倪:[给力][good][good]
1,这也太有才了[偷笑] //@苏懒懒很懒:[哈哈][哈哈]//@执着守护萌: @何炅 [汗] 你有么有想毁掉这图的冲动[哈哈]//@超凡JNJ:我老头儿要被玩坏了。。。//@鱼子酱o-o: [偷笑]//@微博搞笑排行榜: 神回复[哈哈]
1,[鼓掌]恭喜@苏州洲际酒店 入选《私家地理》杂志“ 2013中国旅行奖之最佳城市商务酒店”。感谢大家对我们长期的支持与厚爱，请支持我们的粉丝点击以下链接http://t.cn/zHeuLfg为我们投上宝贵的一票哦！另外，参与投票的朋友们还有机会赢取@私家地理杂志 准备的丰厚礼品哦，行动起来吧！[太开心]
0,//@记者伊凡://@陈思成:为什么？？？[怒]
1,[抓狂][抓狂][抓狂]//@?雨-小小雨9ball:[哈哈][哈哈][哈哈]，好吃的咸酥鸡和玉米[威武]明天大家加油[奥特曼][做鬼脸][good]@?竹清 @潘晓婷 @台球陈思明 @刘莎莎9ball
0,[衰][衰]我们吃过其中的... //@汤蓓尔:  @安小悦儿 @Amanda新 @littleJUNE_z @吴什么野 @未全尤 @辛勤DML  //@潮英语:连厨师都不吃的四样菜。。。
1,[嘻嘻] //@东风风神杨新强:买东风风神安全又自豪  //@汽车营销分析:雷克萨斯中国执行副总经理野崎松寿说：“期待安倍不要做什么出格的事”。
0,追一个女孩很久了，今天终于成功了，女孩问我什么感觉，我说觉得有点不敢相信，她说：傻瓜，不信你捏自己脸，我照做了，然后我醒了。。。[泪]
1,#微游贵州  黔景共享”#果妞到镇远啦[哈哈]这样的餐厅用餐好惬意哦～[爱你] @静心心静如水@旅评网@微博贵州@黔景无限@贵州旅游广播
1,我是有多像韩国大叔？？？[嘻嘻]空姐都和我讲韩语[泪]终于可以睡会了[睡觉] 我在这里:http://t.cn/zjqsOAq
1,好白啊~[花心][花心]//@南京司仪阿拉丁: 确实好条子[嘻嘻] //@陶导:别这样，别这样，还让人活吗？ //@弦舞金陵乐坊露露: @南京司仪阿拉丁 @南京主持人阿宝 @南京主持人方芳 @南京主持人小崔 @胖子的胖爹 @七瓣雪主题婚礼创意工作室 @司仪颜? @陶导 @?蜜心情 @屠梓羽
1,#小三真是反腐好工具# //@嗨查理:[嘻嘻] //@任卫新: 这又是小三儿举报么？[酷]
1,我为什么总被问，您有邮箱吗？我每次听见就想笑，后来我就说，我有，我啥都有，有邮箱，电子和不电子的，qq、msn、微博、微信、飞信、陌陌等 [哈哈]
0,喝到手机掉了[泪]//@江惠美Hiriam: 最后还是追加了 Domaine de Chevalier 2004[good]没有评酒师的饭局，不算完美[爱你][爱你]
0,想起2003年那一场大雪，[雪] 那时候好像真的挺幸福。还在为新闻理想而奋斗，为了自己还算争气的钱包而无忧无虑地吃吃喝喝，为了还算和谐的各种关系傻傻地微笑着，憧憬着各种美好的未来，现在就是未来了，可是一块猪肉让一切都变了。[抓狂] 你的2003年，在干什么？
0,着急上火嘴唇起泡，好疼！！[泪][泪]老妈、宝宝母女俩今天也启程回家了，以后再没有做好的早中晚餐等着啦！[抓狂][抓狂][抓狂]还好某大厨及时现身，解救了做饭无能大龄女青年一枚。盘腿坐在地板上等海带排骨汤的时光好幸福。
1,//@TripOnWay深度游社交平台:好喝吧，呵呵??? // @小胖纸_Mei雨 :这个活我干过 //  @TripOnWay深度游社交平台  :回复    @雪域的格桑花儿   :不同的爽??? //   @雪域的格桑花儿   :[哈哈]这大冷天的，实在该在一个春暖花开拟或阳光明媚的地儿呆着
1,推荐@辣尚瘾 [给力]//@辣尚瘾: 亲爱吃就好，辣辣更健康哦[爱你][爱你][爱你]
0,是啊各种打击//@Kennyjia: 回复@佩佩尧:肿么啦！[失望] 受打击啦！ //@佩佩尧:现在精神完全崩溃中 //@Kennyjia:亲！你真能睡！[嘻嘻]
1,音响开大点呗[鼓掌]
1,#天天向上#：【有奖竞猜】大宝@向能lion 的野蛮女友是什么职业？[思考]第一个答对的朋友，将获得本宫赠送的大宝SOD蜜一瓶和绝味鸭脖一袋！[围观][哈哈][威武]
1,[哈哈][给力]
0,1小时腰腹，45分钟有氧。健身房小哥哥一见面就问，你人鱼线呢怎么没了？@糖水麦兜 骗人，说我放假一点都没胖[抓狂]
0,各位亲，走过路过不要错过的瞻仰一下我的小四吧，我的心和它一样碎，尤其是左上角，那叫做粉碎[泪][泪][泪][泪][泪][泪][泪]
1,[偷笑][偷笑] //@Chris-Zhao:还有 你在内环我也在内环！[兔子] //@昆哥Q:@克瑞思Chris [哈哈]
0,是要注意。我曾办的洗鞋卡 结果不仅店没了 连心爱的鞋子也木有了[怒] //@音乐人峨嵋:警惕骗子 // @杨启舫 :我一个朋友也刚被骗。现在骗子太猖獗了。在我家附近办的洗车卡和理发卡都是没用几次就跑了。
1,过年回家挑战亲戚提问全攻略。[哈哈]
0,化学阉割//@田炜华: [怒]
1,哈哈哈，笑死我啦！[哈哈][哈哈][偷笑][偷笑]
1,"朦胧的""红月亮""代表了你火红的心!!![嘻嘻]"
0,[泪][泪][泪] //@方力钧:// @助鲲 :我就奇怪了，这国家连计划生育都推进得了，却把不了食品安全的关？？！！ //  @Real-Renee  : //  @光辉的皮皮特穆尔  :转发微博
1,回复@小眼睛-Jessica:让我们共同抵制乞讨、卖艺等行为。//@小眼睛-Jessica:跟边上说段相声，把其他人的注意力都吸引到你那去，来地铁了，你就瞅准时机嗖~~钻进去！[嘻嘻]
1,谢谢推荐[哈哈]咱家在南锣鼓巷北口进去第一条胡同里，50米，欢迎来尝尝[馋嘴]
0,你有没有？你没有。。。 //@最销魂的电影:太感动了！[泪]
0,一大早的起来写稿子 码字儿的女纸伤不起啊[伤心]
1,圣诞快乐……//@联大靳芳Judy:[哈哈] // @靳伟VITI :  @DJ帅天   [围观][围观][偷笑][偷笑][偷笑]春天……[微风][微风][微风] 帅呆啦[哈哈]
0,[怒][怒][泪] //@中国哈松: 一个关于房地产收益归属的政策，却因为从中央到地方各级政府领导全是既得利益者，所以置广大人民生命、财产安全于不顾，这是什么样的政府?比对一下做一个强盗必须的法则，看看你们还差什么？ //@摆古论今: //@奋青张珑耀: 这他妈什么世道啊？
1,太有才了~//@foodjunkies: 很好笑[哈哈][哈哈][哈哈] //@julianaloh: @Lilian杨 @falilifa @Tomm [偷笑]yGuGu // @疯狂的秦小明 : 帅爆了！！
1,哇啊，怎么把自己搞得和圣诞树一样？！//@Snow88Ice：//@冰轮影://@视觉系某棠：[心] //@筱紫曦：//@扬眉远望有一天我们都会老：//@视觉动物老妹：//@花花草草小怡?：//@只争夕朝:这张感觉好好哦~~~ //@藏小斧的杏花：[爱你]侧面好萌~ //@小?兮： //@喂小荔哇：[爱你]
0,睡眠质量TMD真差[抓狂][抓狂][抓狂] 难熬的日子[汗][汗][汗]
0,[衰] 右眼跳是有原因的。。。终于还是发生了[汗] ，，今天心情有些不美丽???
0,回复@姚桃桃peaches:好滴，她家的不一定是我的最爱！棒子面粥也不错[哈哈][哈哈] //@姚桃桃peaches:亲，你带我去浇水吧，哈哈哈哈哈 //@我是徐峥:你还敢健康吗[衰]
1,@Rebecca哆哆 爱做美食的你，可以试试看 //@TimeOut北京：简单又有趣，周末在家试试吧[可爱] //@菁制美食:这个可以学，很简单。同理，可以做脆皮草莓、脆皮橘子、脆皮香蕉、脆皮棉花糖~各种……[耶]
1,[哈哈][哈哈][哈哈]谢谢夸奖
0,工欲善其事，必先利其器。为了学剪片子，我把今年用来买镜头的预算买电脑了[泪]还好有个卖电子产品的好朋友，从没赚过我钱还时不常免费贴个保护膜。为表示对狼老板的感谢，再做个广告吧！@玉狼临风 @济南新亚电玩 我在:http://t.cn/zYHnbxZ
1,[可爱] //@跑马占地:转发微博
0,为什么本来想去马路对面，却还是走错了方向[怒]我对于方位挺敏感的啊[挖鼻屎]一会直播，先填饱肚子[嘻嘻]我在这里: #西城区北京展览馆# http://t.cn/zOOC0GG
1,不用翻看微博我也记得去年今天生活中发生了什么。。时间过的真快。。好的坏的，我都感恩着。祝陪伴我那段日子的亲爱的们@水褶湄 @酱子圈儿_Q @绿竹小筑 @乔旎 @贝乐爷582 @小白兔放羊 节日快乐。。享受当下的美好生活，啦啦啦啦啦[爱你]不一一艾特了，大家懂的[挤眼]O(∩_∩)O哈哈~
1,我?妹妹?丈夫在美?生活，明年一月要生第三胎 ，三?都是男的[汗]，我就?始意淫了，以後如果我有三?男的，一?我就培?他?政客，一?培?他?黑?，一?培?他??人，我?廖家就一?天下了，哈哈哈[嘻嘻]
1,是姑娘好眼力 //@娜仁其木格zoe:回复@西藏-邦达仓大院:这不就是行者的天堂吗[威武]有想法[鼓掌] //@西藏-邦达仓大院:看链接 //@西藏-邦达仓大院:再加个调酒师！
1,皆さん、おはようございます[呵呵]今天名古屋晴，最高气温11度，最低气温零下2度。早晚的低气温，还是感觉离春天有点距离呢。从明天开始，天气转暖，感受春天吧！本博的活动还在进行，随手转一转，说不定就有好运哦[哈哈]
1,啊啊啊啊[熊猫][熊猫]小卢的最爱莫非警官[抓狂]//@卢米埃盛泽财富中心影城://@卢米埃北京芳草地影城:[太开心] 真不错
0,我记得早上吃饭了，为什么这么饿？[泪]
0,兰谱的“梦肠旺”谁去过，店主太霸气了，第一次去定两人位，后来去了五个人，说我超出预定没位置就不接待了；事隔一月再去，被认出是上次定了没吃的，就说太晚已经没有食材又不接待了，我特意提前去预定我容易嘛，真是气死我了，有生意都不做怎么这么拽[抓狂][衰][闭嘴]
0,"回复@缘来不去:不是那意思,我是觉得你对故乡有那种浓浓的情感!这是弥足珍贵的!人即使走到天涯海角,故乡应该永远是她的牵挂![抓狂] //@缘来不去:回复@兔哥63:您太客气了，我肚子里这点儿浅浅的墨水，差劲的很啊[汗]。怎么能给您的大作斧正呢？"
1,潘武再次联姻[哈哈][围观][威武]//@封新城:好坏啊。//@刘春: 险些穿越，太坏了 //@鹦鹉史航:以后不上微博了，每次都险些学坏。
1,你吃或者不吃，石磨脱骨凤爪就在这里，馋你口水[哈哈]
1,辣椒螃蟹3，红豆沙冰4，咖喱鱼头2，马来香料炸鸡1，@SaraTong  求中奖！刚去玩过，ION还没逛爽呢?[偷笑][哈哈]
0,哈哈哈，受不鸟了~~ //@刘维祥:介是肿么了？介是为什么？[失望]//@杨_林青: @韩湛宁 @?重老? 绝了！[阴险]
0,//@周贺-blackhom://@萱萱小朋友: [泪]
1,帮最屁的@羽泉 做Live的都是PRO级的Master，也许因为这才让老师们委屈的，但是...！... 离过年不是还有日子吗[嘻嘻]//@铮子:哈哈哈，我比去年多了[哈哈]
1,[鼓掌]我长什么样，关你屁事
0,//@宥心cindy: [怒][怒][怒] //@何刚:天昏地黑！黑心机构！禽兽办案！愤怒支持！[怒][怒][怒][怒]
1,[鼓掌][鼓掌][鼓掌]杜老师上来鼓励用户爆吧，获得大家的强烈掌声。的确我们应该多在百度平台去成就一些人和事.
0,[伤心]//@Eric陈洋:。。。。。。这个过了！
1,[哈哈]还是泡脚吧，润肤美白![偷笑]
0,回复 @Angry辉:最难受的是有人还被误当作环卫工人。[嘻嘻] //@Angry辉:早起是最难以忍受的。[泪]
0,习大大好可怜，这果断是餐后老干妈+泡面的节奏[衰]//@peggy不思?: 习大大的行李箱里装满了中国来的泡面//@敦煌郡公: 会不会国宴完当天就有新闻习大大亲切会见当地中餐厅老板，亲切询问了食物价格并愉快地吃完了一大碗炒饭啥的……【真心不够吃啊//@英明神武萨摩耶:什么？？没了？
0,腾不出时间来睡觉的人，迟早会腾出时间来生病。[衰]
1,//@YOKA化妆品: [鼓掌]活动进行的很棒！童鞋们都相当的给力啊！[给力]今天揭晓两位幸运大妞：@阿依莎80 和@靓妆达人 恭喜。[可爱]！明天活动最后一天。抓住这个机会吧！！[跳舞花]
0,[晕]//@道骨仙风佛心:人家收入高，和中国不一个等级，人家和美元一个级别//@晓雨闻铃: 国人要花多少钱才能“入土为安”？ //@杨佩昌: //@ABC袁祖文:#澳大利亚移民# 不能不了解的澳洲人一生的生活成本！217万澳元，澳洲人从出生到入土为安的基本成本！是不是贵得惊人！
0,医院人真心多[怒]
1,下次换个酷点的造型哦[哈哈]//@郭晶nnn: 咱们美丽小?儿！长发造型！舞台上的端庄范儿！ @黄? [爱你][鼓掌][鲜花][good][赞][心]
0,说这些日子射手要注意咽喉问题，嗓子真的哑得不行了，说射手有好运时候怎么不见我有好运呢[泪] //@蛋王爷:肿么办啊 怎么破啊 ~~~
0,求天津至北京顺风车[泪] //@抓狂猫咪:天津至北京求搭车！紧急！猫咪骨折2月继续手术！！！紧急求车送去北京！@蘑菇蘑菇说 @别吃朋友 @我是龙猫大人 @解小法 @Estee娃娃妈
0,这句话太对了。。。每天都要打扮的漂漂亮亮出门，因为你不知道会碰见谁。。糗的是，每次偷懒邋遢一回，当天总是会有重要的见面。[抓狂]
1,半夜起床，吐一口血[哈哈]
1,[哈哈][哈哈]这酒劲儿大 //@一?二?:我要喝王善勇的酒！//@聚划算TJ:帅哥们?都在店里了吗？ 这天气座在south park?小院?简直太舒服了? @王善勇-火龙果儿 @高玉凯的小窝 想念你调的「比巴卜」口味的鸡尾酒? 有一起来喝一杯的吗？?@刘淼Miko @一?二? @评剧刘洛含 @XM莹莹
1,米老师的女神被你们整糊涂了吧~//@宝玲姐姐: [ali笑]又回到起点啦 //@米爱国:内谁，@宝玲姐姐 @整合营销传播推动者 @真妮花的? @托尼滴漂亮妈咪 快来看无名裸身炒鸡蛋，双黄的[哈哈] //@米爱国:估计下次他也不敢做鸡，@Jason-无名 改做鸭了[偷笑] //@宝玲姐姐: 咋又绕回来了，@罗飚 你那鸡吃完木有？
1,立刻马上关注[嘻嘻]
1,[鼓掌] //@浅草小贝:[花心][花心][花心][赞][赞][赞] //@糕家庄:武夷传统小吃，佐茶佳品  //@悠然春晓: 武夷山传统茶点木印糕子在茶博会上备受亲睐@糕家庄 @野山狐 @浅草小贝 @武夷老茶鬼 @新浪福建南平频道 @武夷山新闻
1,新老朋友们都来啊！[鼓掌][鼓掌]
0,#吃货感言#不是我们减不了肥，而是敌人太过强大[泪]
0,难受难受难受好难受啊[泪][泪][泪][泪][泪][泪][泪][泪][泪][泪][泪][泪][泪][泪][泪][泪][泪][泪][泪][泪][泪][泪][泪][泪][泪][泪][泪][泪][泪][泪][泪]
0,9.18[晕][晕]别乱跑！  大家多加小心！
0,#可言可语#可可在我电脑上翻看壁纸，看到这张说：妈妈，狗狗好可爱哦。我们就用这张吧。刚好你姓狗，用这个正好。[泪][黑线]你才姓老鼠，我属狗，我才不姓狗呢。[思考][右哼哼]
1,"写这个计划时,感觉玩的时间有点多,问我妈的意见,她说暑假就是疯玩的假,那我就放心了[哈哈][哈哈],"
0,回复@Good_Kid_Latonya:有道理[晕][晕]你呢，你是什么顺序//@Good_Kid_Latonya:嘿咻[偷笑]//@Reneeinbj:1是什么意思？H//@Good_Kid_Latonya:@Reneeinbj 这个很有趣，你玩玩看
0,又给血拼找了个好理由！@汇英杰  //@LHM刘姐:@VickyWang-粤莹  //@o兰毛毛o:必须必的！绝不yellow face [抓狂] ！//@俭小鱼 :[good][心]姐妹们，必须共勉~~@董芳0000@菲比Febe@关太家的关兜兜@o艾米0@o兰毛毛o
1,今天录制@CCTV8八仙过海闹新春  遇见了亲爱的老妈@幸福李明启 ！[爱你]想念#房奴#剧组的战友们！记得在武汉我们一起经历2008年5月12日的难忘日子，就算2012来了我们也不怕！给各位亲人拜个早年@晓光导演 @陈瑾 @丁海峰 @涂松岩 @杭蔚小窝 龙年大吉！[鼓掌][心][干杯]
0,玩耍是要付出代价的[吃惊].....估计这位仁兄的腰是玩完了[泪]
0,收这么多税，您倒是干点让纳税人痛快的事啊！//@GG走天下:真是流氓啊，双重加税，过路费还没解决，变相税种又来了//@吃饭睡觉上班: 吃饭喝水也该缴税 ！[衰]//@edisontao: 能不能有点儿创造力呀。挣钱也不能这么低级吧。
1,嗯　，强烈推荐你用可牛杀毒。药到病除[哈哈]
0,侬是伐是老忙额，都末睬吾[泪]
1,【剧活动】《#风雷动#》剧组做客《大戏看北京》，精彩花絮照抢先奉上！更多内容，请锁定@北京卫视 @大戏看北京 [鼓掌]
1,#早安御庭#帮电器充电的方式很复杂，但帮心灵充电的方式只有一种，给等待旅行的你。 [嘻嘻][太阳][微风]@阿_paul @神威 @赤辉-董继闪 @Happy小丸呆 @孟非 @人人爱苏州 @南京阿? @南京旅游网 @新浪旅游
0,哦哦，看来是逼姐把咱隐形的翅膀用起来。//@佟尘:一次给十块可换积分，一次给一百可折算国航里程，给的再多可考虑安排对班跑出租，份儿钱优惠哦亲，以后停路边别人拉车门你四十五度角说一声：爷今天伤感，不去通县。//@弄姿:[衰]真想骂人
0,太可怜了[泪] //@杨骁：//@重庆晚报王弘：回复@GJ的微博:这个成都的朋友核实更靠谱。重庆太远，重庆晚报可能心有余而力不足。 //@GJ的微博:转发此微博:严重关注[泪]请重庆晚报的朋友核实相关情况。然后网友看看能否定向 募捐给孩子看病。// @周洁 ：太可怜了！重庆的媒体 @重庆晚报王弘   @重庆晨报
0,回复 @lynngaw:是啊！晕死了[泪] //@lynngaw:不会整个飞机都是参会滴同行吧？
1,电影世界多神奇。[哈哈]//@张后奇: 百年转圈圈。。 //@维理88: //@黄斌-高特佳投资集团: 是徐克牛。。 //@张保国-通江投资: 黄飞鸿神人也，一百多年前预言了今天！ //@总裁语录:贴切精辟！[威武]
1,几个关键球员争取开打，欧足联赶紧调查，停赛，坐山观虎斗的啦[鼓掌] ~~
1,[鼓掌]我们美丽//@丰台教育工会: //@[赞]静老师: 美没有对错，只要我们每个人都能找到属于自己的风格，同样可以成就另一种美，因为我们每个人都是天使。[鼓掌][赞]
0,[汗][汗][汗][汗][汗]这也不全啊！！真可爱你们[衰]
0,最近的微信变成了游戏机，每天上线都是送你一颗心，送我一颗心；微博就是个大广告页，放眼望去，大家在参加什么有奖活动一目了然，但是扒拉半天也不知道我的小伙伴儿们最近都在干什么……[泪]
1,[亲亲][心]
0,//@湖城: [衰]
1,[嘻嘻][偷笑][酷]
1,"回复@易水Felix:谢谢，收到！第一次三张我发重复了一张，之后又发了一遍，有兴趣再瞧瞧呗，看见了吗？ //@易水Felix:都不错,个人喜欢第一张 //@中国之翼扣子:回复@韩林涛:我以为你会说，不当总编了，选封面去了[嘻嘻]  //@韩林涛:我以为选中了就送咱到纽约去呢……我选第一张"
0,中午在奶奶家团聚，闲聊中老爸提及他们公司四个大学生雨夜大雾开车出去玩，不想出了车祸，其中一个头盖骨都掀起来了。。。喀，喀，看了看手里刚掰开的大闸蟹。。[衰][衰][衰]好吧，该吃吃！
0,你说我容易吗？！为了凑够499，你说我容易嘛？！[泪] //@凡?精?霍树正: 蓝色安踏的帽子是亮点。。为了凑个499容易吗！！！//@芝麻豪: 不是闺蜜装吧？是情侣装吧？[嘻嘻][哈哈]
1,#天天向上#五周年：收到啦！已经交给导演组了。多谢推荐！//@彼得潘的帽子: [赞]支持//@Ryan苗小瑞: 最近，天天向上节目组正在征集‘’名校风云之我在大学等你来‘’的专题节目，来，让我们一起转发，让这组火遍中国各地的照片再热一次，让闽南师大更加地威名远播！@天天向上官方微博 [爱你][给力][酷]
1,刚才NHK发表了爱知县全域龙卷风警报[龙卷风]，住在名古屋和爱知县的朋友关好门窗哦[悲伤]。小编一天没出门，图片是今晚的晚餐，饺子和酸辣汤。食べる日になっちゃった[哈哈]
1,我在这里: #天通苑北地铁站#大爱北京：春暖花开，阳光明媚，渴了有水，坐车有位，天天如此，该多欣慰[哈哈] http://t.cn/z0kX88d
1,#走哪吃哪#[馋嘴] 日式拉面延伸出了不同的特性，例如以味增汤闻名的札幌拉面、以豚骨汤取胜的博多拉面，以及猪骨小杂鱼混合汤底的喜多方拉面。日本拉面汤底中的复合味道，荡气回肠，是中式拉面无法比拟的。[嘻嘻] 小伙伴们来看看有啥不同～http://t.cn/8FbFXG1
1,[鼓掌]3Q//@汤山梓贤阁: 蜀求能送两位大神香肠！！名单加上啦！！ //@Calvin_Zhu的Style:老板威武！ @游走的胖纸 蔡老师吃香肠咯！
0,@方捕头 老师，电子扇无需皮带[呵呵]电泵为何物啊[晕]常规备件未带责任在领航@Fatwolf肥狼旅行生活 吗？[嘻嘻]给了皮带安装未到位@赛车手何勇 也有未尽责置疑[嘘]！我又在凌晨梦呓了[月亮][困][闭嘴] //@苏浩波:
1,#旅途分享#【2014年最新全国5A级景区名单】亲们都到过哪些地方呢？[嘻嘻]赶快收藏起来给你今年的旅游计划参考参考吧！[挤眼]（via @明天开始旅行）
1,今天天气太好了，心情无比舒畅[哈哈]???
1,逛街买东西累的我腿软啊。一天N次甜品，又是许留山，又是松记糖水店的。hiahia~~发出来馋馋你们。[可爱][嘻嘻][嘻嘻][嘻嘻][兔子]
0,回复@鹏的莹:[晕][晕] //@鹏的莹:锅里都是红烧肉[馋嘴][馋嘴][馋嘴] //@三摩地帮主:穿格衫的MM很漂亮替我问候她[嘻嘻][嘻嘻]@现代可汗 @光头陈庆 @鹏的莹
0,最大的无赖，流氓不讲理的是国企！ //@袁国宝:// @喻国明 :nnd……[怒]
1,[馋嘴][嘻嘻][给力]
0,健身又没成行，谈了两个小时的事儿，还要等老板拍板！憋得我伸伸这老腿儿[抓狂][抓狂]
1,[哈哈]最后一天的抽奖结束喽，恭喜@安?嫣0 和 @wuqingfaav55 成为最后一批幸运儿哦。[哈哈] 感谢给位的大力支持! 稍后将推出SPG有奖入会活动，敬请关注！持续关注，持续炙热！[good]
0,纯洁的鲍大哥啊…真是无言以对啊…咱们是做了什么啊??神马社滴同志们啊…[泪]//@老五是个好同学:坑爹的诺基亚啊！欺骗了纯洁无辜且善良的鲍大哥啊！您那windows phone出还是不出倒是给个交代啊！！！
0,感觉三线城市比一二线城市好。 //@吴金岭:[泪]真心话：再给自己3年时间，否则滚回家。对这座城市越来越厌恶，唯一不舍是这里有许多好朋友。 //@曲梵2012: 毁出感情了[泪] //@孟静_:[泪]
1,【泉州城市形象片】由@泉州电视台 @泉州市旅游局 组织拍摄的泉州城市形象片15秒-A版――文化泉州欢迎您！[鼓掌][太开心]
1,三八妇女节快乐。中文[嘻嘻]
1,"强大！//@季小武: 最专注的节目，一成不变 //@聂小倩的倩:[哈哈][哈哈] //@划地为牢86: 如果有一天,我老无所依,请把我埋在新闻联播里!@嘿哈吼 @寂寞烟灰555 @类似柠檬 @LV梦游仙境 @聂小倩的倩 @杨青青0 @Dr-Xu // //@夜店夜生活:【2012广东高考零分作文：我愿生活"
1,@?氏?? 到目前为止咱们父女间最有爱的时段：拍嗝时间段[嘻嘻]@??兔拉拉 妈妈好羡慕。
1,最炫辰辰风[哈哈]
1,//@超级记忆法:[哈哈] [哈哈] [哈哈]太尼玛贱了
1,大家周五早！[阳光][可爱]
0,一下雨北京的交通就瘫痪了，司机们好像都不会开车了NND，害的我到现在才刚到家[抓狂]，讨厌下雨，尤其讨厌下班下雨[鄙视]
1,[good][good][good]//@挥着翅膀的小菜鸟:这种幸福会一直延续下去[给力][爱你]//@Prince_pei:幸福开始的地方！！！哈哈//@黄浩俊Howard: 哈哈 新人毕业于不同学校 几年前同时在无锡金陵客房部实习 爱 就是从那时起步的…无锡金陵真是有爱的地方 [哈哈][哈哈][哈哈]
1,怎么没有那张表情最欠扁的？[嘻嘻]
0,"@茶语新人//@一斗自然全: 痛, 重在痛后?! @荷花一般的情怀:回复@一斗自然全:县长的痛苦，就是全县的痛苦。@一斗自然全:是啊,穷的县长连自家孩子都养不起了.没办法全送国外去了![偷笑] //@荷花一般的情怀:因为我们县实在太穷了，这是真话！ //@一斗自然全: 雷,真雷人!雷的我是外焦里嫩!!!![哈哈][怒] //"
1,借番薯献各位亲[偷笑]大家节日快乐，我们的辛苦彼此知道，大家注意劳逸结合[太开心][亲亲][心][耶]
1,[笑哈哈][笑哈哈][笑哈哈]//@喜剧男人组合: 为了躲开那无耻的瘦瘦，胖胖都跑瘦了[神马][浮云][围观][睡觉][鼓掌]
0,#李娜出局# 首轮出局 好可惜！[泪] 忙碌的七月就要结束了…明天出发「三亚」度假去喽[偷笑][偷笑][偷笑] @程成子强美食协会
0,31周岁生日大餐[泪] 我在#中央电视台# http://t.cn/zOgx1TE
0,@小样儿丸子 我们共勉吧！ //@铁路文工团莲儿:[晕][晕][晕] //@懂点心计学:太震撼了！！！ [吃惊]
1,今天生日啊？！！！[礼物][爱你][good][做鬼脸]生日快乐啊……跟我一个姐们竟然是同一天的～哈哈……[偷笑]//@摄影师Pinky:[爱你] //@达妮摄影: [抱抱]生日快乐，[蛋糕]我们的美女总监！~[亲亲]可爱白羊一枚！~[礼物]
0,[哈哈][哈哈][哈哈][哈哈] //@荔枝娘:[汗]为啥@ 我[泪]  //@吴小鱼和俩宝: @荔枝娘 你不用内疚不用剁手啦[偷笑]
1,回复@乌实: 应该是的，再向@Mexico墨西哥旅游 求证下-此音乐画面是否为墨西哥。BTW，我看到最多的是那美女。[哈哈] //@乌实:@DCwhenwho 画面是墨西哥吧？ //@乌实:人是自然的一部分。如果人与自然走向对立，这个世界就不再美丽。
0,真帅气！~好看死了！~求I3gs版的！~~//@o金吉拉o：回复@原儿爷:恩！好吧！决定买个队徽贴纸贴在小9后面，继续等小诺出新机！[挖鼻屎] //@原儿爷:怎么想的就怎么做 //@o金吉拉o:我也正在严肃地考虑这个问题……去买凤儿还是等小诺出新…………为了这个壳儿我快没有原则啦！[抓狂] //@原儿爷:我觉得值~哈
0,小人物的哀，小人物的爱～[伤心] //@叽噜饱饱:[泪] [泪] [泪] 好难过// @无尽灯楼 ：无限悲凉[泪] // @任卫新 :写实版微小说。
1,回复@沙海拍岸:围着松塘水边转一圈，神龙见首不见尾。挤在人流中，恍若误闯九寨沟。我看足有一万人！@樵园钟声 @陈荣彪 @松塘翰林村 @静水致远 @水泊村夫 //@沙海拍岸:[偷笑]人山人海，所以与武教授难得松塘谋面。 //@武旭峰:西樵松塘翰林文化节人如潮涌，热闹非凡。[哈哈]
1,回复@delia0816:嗯嗯 关于采悦轩的粤式点心畅食价格更清楚的表达是 每位净价98元 无服务费噢 罕有的实在价格和高品质味道[哈哈] //@delia0816: @MilkyZoe 赞！ //@北京金隅喜来登酒店:谢谢推荐，欢迎常来哈！
1,[鼓掌] //@玛丽莲?-丹:@王晶Aries@DaDa-美儿@马瑞_瑞@奥黛?赫-雅@尤美-baby@JIANG-慧子@刘JiaJia@夏赫娜赞@玛丽塔@玛丽娅GL@小腰精宝宝@糖糖V婷@方小熙isabella@H-瑶瑶@Augus景亚宁@佳怿Amy@静宝ting@vivian_爱子@Refuse勾搭@方小熙isabella 致我最精致的女人们。[爱你][爱你][爱你][爱你]
0,人生就是无数次的第一次构成的，再这个双台风登陆的日子，第一次和交警叔叔打交道！[晕]
0,#早安# 你，还在上班吗？[泪]
0,这两天感悟出了一个真理 戒烟会导致便秘[失望]
0,//@奋壹: //@华夏正道: //@睛空万里09://@马千里咨询: [怒]土匪强盗
1,一坐一忘菌子宴今晚高调呈现[哈哈]@小牛1982 @正版王哼哼 @康乐 @小z是小侠 @武妍汐shanshan @吴江JeanneWu @付拥军F @晋一Sunny @伙头将军 //@BTV财富故事:  @一坐一忘 @孔霸天
1,是该准备了拉皮儿，因为你还得学着做，因为你和@臭臭漫画 都是好男人，不能让媳妇儿干活儿 //@crazylady田: 我可以借你！//@马蚤扌尤: [哈哈]我赶紧准备缝纫机去~//@crazylady田: 这是你家好美小盆友的前辈！[嘻嘻]赶紧跟@爱疯小PP 各种学习啊！//@马蚤扌尤: 太可爱了~
1,家族荣誉4 这片子巨逗 //@全球电影收录:挺搞笑的[哈哈]
1,挖掘曹扬！哥们太逗了！期待做他这期节目[鼓掌]
0,//@懵偌改名颜亦欢其实我是公子无裳: 我要说…我只有知道段子吗。。[泪]//@先生王哆啦1986://@流苏stay: //@兔子刘氓two: @苏禅 @油彩一直在路上 @懵偌改名颜亦欢其实我是公子无裳 @九章boy @庄秦 @女儿国宰相俞?抒x?小九x @薛漠北Scofield @冷?玉紫轩 @所有人。
1,拭目以待啊[哈哈]
0,//@易文飞: //@夏德元://@姜逸青:[话筒][伤心]//@孙钥洋: 扩散[话筒]
1,亲，都太的海鲜很美味的哦，既来之，则吃之~[嘻嘻] //@饼饼家的喂小饱:对面一个和我胖瘦差不多的姑娘太能吃了，一波又一波，三个大男人加起来都自叹不如……长这么大没见过比她能吃的，姑娘，你是正宗的吃货啊
0,突然觉得马跃眼神不对[阴险]//@捉螃蟹的女人:好热闹啊，哈哈//@央视综艺:回复@emil_liu:[吃惊]这居然都被发现啦？[哈哈] //@emil_liu:许是仔细考虑了的～ //@央视综艺:[汗]制图明显欠考虑了[委屈] //@马跃CCT: 凭什么你们都男女搭配！我就得和@杨帆的StyLE 配对[抓狂][抓狂][抓狂] //
1,最好未婚，还能撮合成一对[哈哈][哈哈]//@李楠的商业地产:霍爷，这是咋的了？？美女太多，选不过来了？[嘻嘻] //@霍小兵:李[泪]楠
1,石头真man。我喜欢[爱你][爱你][爱你]
0,股票重返＂1＂时代了，要是我的年龄也能像股票一样倒着走就好了。。。[失望]
1,2010年就喜欢上了方家胡同和@猜火车电影餐厅 经常过来遛弯儿，那种文艺气息，清静感觉。那时候以为南锣第二会是这儿，没想到后来出了五道营。这条胡同记录了我从美食小白到现在的旅程，很多人说不好找，对我来说，是走出来的，很好找。这次吃的菜品多些，很多没吃过的[爱你] http://t.cn/z8UAZ6M
1,头发少的不好看……要多毛 //@陈怡杉Chris:哇塞，必须收好好达！[抱抱] @一直到80  @狮子座小南 @Reneeinbj //@葳葳安西木_宋葳:  @陈怡杉Chris
0,#品牌印象！#转型哪有那么容易！你可以改变你的产品结构，可以改变你的装修档次，但是你没那么容易改变顾客对你的品牌印象！[泪][汗][怒]
1,?哥，琪哥的?不能?了，他有?情了。[哈哈] //@马松的围脖:千字不足以道情！ //@幼培:  //@王琪博: 马哥，你的心里话我全听见了，也记在心里了。你就尽管买马吧！往后的日子里我尽量认真玩，争取不让买马的人输，但主要还是要靠手气。
0,说好的晚饭少吃呢[晕]这家回转寿司，米的粘黏性稍差了点，就此影响寿司的口感，三文鱼倒还新鲜，紧临电影院门口，方便呐。。。。
1,超强悍：一个人一份鱼头、一罐汤、旁边还有一大碗菜。美女同事悄悄拍下来[嘻嘻]的时候又加了一份饭[吃惊]
0,#兵发恩施#乘坐东航恩施号，即将踏上归途[晕]短短三天的恩施之旅，行将结束，但恩施的土家风情、青山绿水，定将成为旅行轨迹中不可磨灭的炫彩[爱你]再见，女儿会；再见，幺哥幺妹[飞机]@十年_远行 @淘淘_桃子 @钟晖CEITS @李潇Shawn 我在:http://t.cn/zWmgsUZ
1,墙裂申请[太开心][太开心][太开心] //@PPTV旅游:学员们 征摄像师啦！@Jasonlee-夹生兔 @宫崎骏向日葵 @大鹏背包走天下 @行走之间的围脖 @窝窝头的围脖 @Vihike @PPTV绳子 @徐恒Ann @艾亚木 @pptv单越
1,一大早太搞笑了！[哈哈] //@金刚:大清早的，就看这不是笑话的笑话啊//@刘毅: //@Lisa的Pugar: //@徐宥箴:要不要这么搞笑啊？ //@老楠老楠:回复@Teens:[挖鼻屎] //@Teens:重点是警察一哄而上，反倒踩断人质三根肋骨。。。 @辽沈身边事 @崔长林 @刘才芳
0,[怒][怒][怒][怒][怒][怒][怒][怒][怒][怒][怒][怒][怒] //@北影娇娇:
1,绝对我技术最好三！[鼓掌] http://t.cn/zO5mCSA
1,转，[哈哈]
0,这故事是假的 @点子正  //@王鹏律师:[泪] //@包月阳:令人心酸。可惜拆迁队伍中有良知且让良知醒来者少  //@方泉:良心未泯者，几人？ //@韩志国: 触景伤情！ //@左小祖咒: 一个传播比较广的真实故事
1,#行摄云南#千湖山，湖水静谧，烟波茫茫。在鲜花盛开的绚丽季节里，落叶漫天飞舞，一切，美得让人痛彻心扉。这些湖泊有的圆若明镜，有的弯似月牙，有的长似游鱼，有的似珠玉成串……众多的湖泊都掩映在雪山林海深处，幽深宁静，几乎无人知道它们的存在。想知道千湖山具体位置吗？来问我吧。[嘻嘻]
0,自动转发//@一网打尽1861: 灭国之策！//@渤海论坛核潜艇:[泪][怒] //@渤海论坛核潜艇:孩子们[蜡烛][蜡烛][蜡烛]做鬼[泪]也不能放过了[抓狂]这帮畜生[怒][怒][怒][怒][怒][怒][怒][怒][怒]啊。 //@牛B哥1976:计生办畜生办[怒] //@渤海论坛核潜艇: [怒][怒][怒][怒][怒][怒][怒][怒][怒][怒][怒][怒]
1,手艺人，不容易[鼓掌]
0,妖艳的冠铭[晕] //@富冠铭: 在此小弟严重感谢著名摄影师老吴@摄影师吴恙 ！这么多年来让我发现原来我也可以这么的“女人”……[酷] [威武]
0,回复@小魏说事:抱歉朋友，以后还会有，因为我自己在意的东西很多，开微博就是为了自己记得和让别人知道。抄书，开书单，史航说书，钱粮讲座，广义上讲都是广告。只有晒猫和想念周公子不是广告，因为我不卖猫，也不希望有更多情敌了[泪] //@小魏说事:关注第一天就看见广告[挖鼻屎]
0,这道菜，惊了！鱼雷么？[泪][泪][泪] @兰兰宋
0,[泪] //@卢九评:悲剧啊
1,我家二丫[嘻嘻]
0,回复@Joe霞客行:[馋嘴][抓狂]霞客你等着！ //@Joe霞客行:家乡特产，来吧，我请!@无须豆蔻 @行摄红米粒 @作家杜华辉 @海蓝1104 @V总在旅途 @蓝海帆影 @大漠落尘 @大漠落尘
0,【英国科学杂志：唱歌跑调的人可能存在沟通障碍】英国科学杂志上一份研究发现，唱歌跑调是种病，这类人多半方向感不好、整理能力差。研究人员称，这类人可能还存在沟通障碍，比如辨别不出对方语言中是生气、害怕还是讽刺。小伙伴们，你唱歌跑调吗？[泪]http://t.cn/8F3Kxz1
0,[酷] //@搜狗涂强:@天驷神威BiMBAPT11 贱贱的样子，很入戏。//@端木妙子: 绝对是真爱啊～[偷笑][心] 昨天穿着10公分的靴子蹦啊蹦...今天浑身酸疼...[衰] 期待大片新鲜出炉～[嘻嘻][鼓掌][爱你]//@三个三个:就等大片首映了！[鼓掌]
1,#高级定制# VCA定制16花系列...孔雀石上身你们觉得怎么样啊？嘻嘻...今天就这样出门儿吧...[得意][愉快][鼓掌][胜利][胜利][胜利]??????...
1,彭姐做东西的时候各种霸气，我做东西的时候就只能各种猥琐了...请忽略掉我！[抓狂][抓狂][抓狂]话说真心喜欢在这里做东西啊，越来越习惯一边制作一边听音乐，间隙再看看书喝喝咖啡的自在感觉[哈哈]
0,哈哈哈。。。一辈子都不知道在干嘛。。[晕][晕][晕]
0,每到节后，总有一大波跳水机票来袭。[泪][泪]
0,有个同事离职了，心里还挺别扭，其实平时也没有什么接触，我知道我又犯重感情的毛病了，但是这就是真实的想法嘛[抓狂]
0,[衰] 这就是新的语文逻辑思维。。
0,[汗] //@济宁生活广播刘言:[吃惊][衰]看见了吧，以后收快递以后一定要处理一下那个桑面的地址，姓名和电话！！！
0,左脚比右脚大半个号，今天新上脚，觉得有点挤脚啊[抓狂] 我在:http://t.cn/zTO359t
0,今天我上班，怎么你们都黑线呢[衰]
0,[晕][晕][晕]//@海淀翔哥:轻松搞定。 //@精彩电影:眼都要瞅瞎了[晕]
1,[哈哈] //@皮力:转发微博
1,多可爱的宝宝，因为有了宝贝之家，她获得了新生，大家一起来关注#爱佑?一汽大众奥迪上海宝贝之家#[爱你]
1,#云南旅游#【云南少数民族称呼】藏族：女孩―卓玛，男孩―扎西；彝族：女孩―阿诗玛， 男孩―阿黑哥；白族：女孩―金花，男孩―阿鹏；纳西族：女孩―胖金妹，男孩―胖金哥；傣族：女孩―骚哆哩，男孩―猫哆哩；摩梭人：女孩―阿夏，男孩―阿朱。来云南旅游的筒子们，可别再弄错了哦！[嘻嘻]
0,#段王爷#我妈竟然在船上刷了@李宗翰 同学的信用卡？真是高端、时尚、霸气的老妈！[威武]福大人有钱，老妈你做的太对了！就是应该这么干！//@李宗翰:没事；陪老人出门是我的福气！没事；海上没信号电话打不通！但，能让你娘别把房间跟我的房间信用卡挂钩吗；极品母子啊[泪][抓狂][泪][抓狂][泪][抓狂]
1,#美女带你游山东#你体验过船游济南风情嘛？护城河上，波光粼粼，两岸风景怡人！我们将从趵突泉乘船经泉城广场、黑虎泉最后到达大明湖，全程水路近四十分钟。[爱你]@趵突泉 @上海大众斯柯达-华中区 @山东世达汽车有限公司 @山东胜锐斯柯达旗舰店 @统一饮养四季@FM1031济南交通广播
0,??天都醒很早是在?哪?啊[抓狂][抓狂][抓狂]
0,九一八，九一八… //@钱文忠: [泪][泪][泪][泪][泪][泪]
0,白车黑车都没有[泪]
0,跟拍戏似的//@眠琴山房: 一个虚胖的人，一场感冒说不定就能要命[挖鼻屎] //@蔡鸿岩:怀疑37了 //@Yuki_gsh: 这是哪一段啊？//@商?豪: [吃惊] //@郑佳-扎西央宗:[抓狂] //@明少保: //@康威凯:
1,[鼓掌]@海?-oprah @刘丹 @九世矫情精 @大饼卖萌 可爱
0,赶紧再超发几十万亿人民币[衰]//@中岛: 转发微博
1,搞笑//@jenniferwzm:@鲍比H [抓狂] //@陈建鸿: 真心希望GIF能有播音功能[哈哈]//@迷奇猫:[哈哈]，太搞笑了
1,有意义的生日礼物，谢谢我的大哥[哈哈]
0,[鼓掌] //@三样菜:撞星率极高呀~[鼓掌]//@滨滨有礼小屋:回复@三样菜:回复真快呀！#三样菜#的四川菜真地道呀，凉拌素三样和酸汤肥牛强烈推荐，太好吃了[赞][赞]据同事讲厅里吃饭的一桌里有非诚勿扰的女嘉宾[晕] //@三样菜:欢迎欢迎呀~来菜菜吃到什么好吃的啦？不要过度饮酒~有碍身体健康哦~[呵呵]
0,一大屋子人，结果清早告停水了，我崩溃到现在[抓狂]
0,回复@kasuming75:童鞋们引起注意哦。 //@kasuming75:[泪]好想去，想起25度的天被晒伤的往事了[害羞]
1,好美！[鼓掌]
0,弱弱滴问一个外行的问题，奥运选手不需要做性别检查吗？ //@泡鱼儿: 一个是花样美男，一个是阴柔小生。 //@妹莉十足:安能辨我是雄雌！[衰]
0,不恭喜我[抓狂]哈哈哈//@贾建强:恭喜老顽童，感谢一直的支持！ //@北京有个老顽童:@贾建强 @6人游旅行网 @酷讯旅游 @无须豆蔻 @?巍EVA @兔平瓶 @酒窝果果AK @坦然摄影
1,节日街头，专心给小纸船上颜色的孩子们[爱你]
0,被我评判为“太瘦，瘦得病态”的你，上镜好有名模范儿哦！原来真要瘦成那样才行，我这辈子恐怕都达不到了[泪] //@Queenin_C:被你和姐姐发现的，[害羞]
0,问一下，日收入多少才能排在畅销榜第一啊？[衰]这个天天酷跑 一天上去了！ 我在:http://t.cn/z8Tbvel
0,[衰]//@Vista看天下: //@尤尤: 崔健不会上春晚，感谢大家的关注．
1,夏天吃冰的东西对胃不好养生养生[哈哈]
1,哆啦A梦麻将打起来~@穹光淡 @御景柚子 @Avalon_Sun [鼓掌]
1,还是我比较明智，直接放弃转正。免得日后留下不良记录//@戴政:退`党？！求辟谣！ @微博辟谣  // @香港商报廖红波 ：这是他们入党后说的惟一一句真话！[哈哈]// @灰坟 : [哈哈]// @暗黑帝?ST : // @神州骏马 ：// @苏亚雷斯十一世 : // @l65jwl ：[呵呵]
1,儿慈会9958儿童紧急救助在收到消息后，第一时间探望了小郭奥，感谢9958做出如此迅速的反应，为你们的效率鼓掌！[鼓掌][鼓掌]期待好消息！
0,右边这位你真心疼我！！！[怒][怒][怒][抓狂][抓狂][抓狂][泪][泪][泪] //@胡吃吴有理:@孔霸天肚子饿 我知道你现在不能吃，所以转发图片让你看饱了吧，据说能缓解...
0,转眼这就而立之年了[抓狂]@惟妙唯潇仙子 @January7777777 @cecilia大饼 @那敢情好了
0,女人的梦想吧[伤心]
0,有过相同的遭遇，都懒得理京东！买的东西，回来就不能用了！[衰]
1,爷辛苦了，慢点签，别累着[爱你] //@张译:大家好，先回答一下你们最关心的问题，书，我今天就在厂里，现场在一本本的签，是否十月一号前能到大家手里，这个还牵涉到各个环节，十月上旬，应该差不多。
0,[悲伤][可怜]@张_小哞儿了个喵 //@999道私房菜: 戳中笑点了[哈哈]
1,朋友们，周末愉快！[哈哈]
0,[悲伤][失望][疑问]//@叫我小莉: @我叫史瑞克 你看看
0,呀！算我一个[晕] //@长沙南宫浩:这事如果谈成了，我愿意拿出70%的版税，给转发微博的朋友每人赠送一辆价值两千元的自行车（外地的邮寄，邮资我付）。按转发微博的顺序，送完为止，决不食言。--南宫浩写于2013年6月15日。
0,真是要逆天啊！手术改过？//@谷_多: //@PetalShen: //@风凉话小王子: 比一比吓一跳//@大胖猫喵喵喵: //@微群小助手: 瞬间凌乱了。。。[衰]
1,回复@妲小妲:我7点半起的，被冻醒的，这不上班比上班起的还早 //@妲小妲:你起得真早…我刚醒… //@泉水无声RF:[笑哈哈] //@肖丹: [哈哈][哈哈] //@范映辰_忘忘:太坏了~ //@狐萝卜卜:噗 //@晴朗_苏JS:噗 //@SUNNY覃江巍: 此贴必火[偷笑][偷笑][偷笑]
0,#百姓给脸不要脸# 不知天高地厚，老百姓的脸你给得了吗。[怒] 详情:http://t.cn/8kDLyDr
1,上海的天气很晴朗！[哈哈]
1,#Lumia 1020# 原本是来成都参加车展开幕式的！好家伙这一天被4家知名餐厅请来品尝特色美食！吃的我啊！[偷笑] 总结：最好吃的还要属道地的 @水碾河刘老大串串香 27年的味道不是盖的！太好吃了！[鼓掌][赞]
1,消费男色的时代[哈哈]@上海三联杜鹃
1,回复@鲁京晋:[鼓掌][太开心] 老鲁用词忒细致了
0,炸药包啊[晕]谁能猜到这是什么？五斤！！！
0,对极 //@与鹤遄:[晕]
1,小辣是最棒的~[哈哈][哈哈][哈哈]
0,走向地下的时候瞬间回忆起，四年前这里还是网球场的时候，在这里给采访对象拍过照片，一下子四年就过去了[泪]
1,[哈哈] //@宣亚张秀兵:[哈哈]/@Terence_Zeng://@张岩爱琢磨://@王琪cnmo:乔布斯重新定义了手机，罗永浩重新定义了傻逼。//@邱赞?: //@马晓松:点评的太狠了[偷笑]//@明威:[good]//@老玉米农场主:够狠 //@互联网的那点事:等老罗今天骂人！[哈哈]
0,上海回来的战利品：Espresso咖啡机胶囊机[哈哈] 前年在北京新光第一次见就长草，忍啊???去年和今年买了两台，不过是送给别人的[抓狂]。目前我咖啡学习结束了，买个意式半自动不实际，Nespresso最实用。这两天会员活动，机子减300元，再送500元，买了100粒胶囊，爽[哈哈]
0,[泪] [泪] [泪] [泪] [泪]
1,[不要啊]我又犯二了～恩～啊～这～鞋真棒～～哈哈哈～//@维维_ivy: [哼] 诚征42脚模特一名，费用跟@大白菜lucy 结[哈哈]//@大白菜lucy:再来张穿上的吧哈哈哈～[??]
1,[嘻嘻] //@来去之间:[鄙视]//@Bird: 来总吃的太快，我才吃一小半他就吃完了，才问我是不是馊了，我闻了下确实有点……
1,安静的环境，贴心的服务，我们能做的就是让您暂时忘记生活中的压力和烦恼，充满电后开心的回到工作生活中！我们会期待您和家人平安喜乐的到来！晚安！祝万事顺意[抱抱][做鬼脸][月亮]
0,这几天工作的收获就是巩固了韩语，还看了好多德语。。。所以，谁能告诉我德国汉堡易北大道的德语怎么说！！！怎么也找不到坐标好么！！！[抓狂][抓狂][抓狂]
1,回复@浪子世斌:你会都认识的。[哈哈][马到成功] //@浪子世斌:[哈哈]认识4个人 //@俺叫老鬼: 回复@放羊的皮?丘:没有人管谁是哪个民族的多民族聚会……[干杯]  //@放羊的皮?丘:?聚?很?馨.很值得推?.?人知道新疆人的和善?息  //@俺叫老鬼:反正就是这感觉……[din鬼脸] //
0,#致青春经典台词#谁也别想阻止我找回我的爱情！[泪]致青春看得我好纠结，陈孝正这样性格的男生我明明超爱啊，结果他这样的做法真是超恨啊！男人总是想着小清新可以缓一缓，先建立自己的帝国再来找回小清新。结果物是人非。
0,没有腰[泪]//@王小崩: 转发微博。
0,回复@西西里豫:巴勒莫的海边啊[哈哈] //@西西里豫:把我这带路的也给蒙住了！这是哪儿的海边呀？[晕][晕][晕][思考][思考][思考]
0,[奥特曼]//@大乙八郎:?后天?放完了??????[抓狂]
1,//@刘月月fighting: 包青天……哈哈哈哈//@chris_45:笑死我了[哈哈][哈哈][哈哈]
1,#空瓶记#1，契尔氏椰香氨基酸洗发水，有空气感蓬松的发质。2，思妍丽美白洁面泡沫，便宜大管，不紧绷，美白效果靠洗脸肯定没用；3、娇韵诗身体油，是不是孕妇都可用，排水舒缓，家中常备；4、fresh玫瑰面膜，花瓣在脸上融化是噱头，其实就是罐补水面膜；5，园丁手霜和维E乳，便宜好用可以有[哈哈]
1,百分之八十吧[哈哈]
0,父亲节(上图)和端午节(下图)的区别[泪]
0,这个周末是北京球迷的黑色周末~[泪]
1,回复@豆文:哈哈哈！等会发张图 //@豆文:无图无真相[嘻嘻]
1,之前错过了，正好补上[鼓掌]
0,旁边这大叔一直大力咳痰，咳完就咽。。。。还能再恶心点吗，耳机迅速插上[抓狂][抓狂][抓狂][吐][吐][吐]
0,#梓瞳马来西亚之旅# 到达沙巴了，这几天都在这儿了。下飞机阴天，打上车刚开起来就开始下雨，到HYATT酒店雨越下越大。我服了，我服了还不行吗！不就是逼我天天在酒店睡觉养膘么....[泪][泪] 我在:http://t.cn/zlgJLjz
0,还是想留短发[泪]
1,//@欣怡Leafly:红牡丹。。我还白玫瑰呢！[哈哈]//@史上第一最最搞: 啊~~牡丹，牡丹牡丹大牡丹~~！牡丹你肿么了牡丹？！[群体围观]
0,我想要相机[泪]
0,#挪威#自驾Lofoten群岛对驾驶员是一种折磨，沿途美景连绵不断，而司机却要专心开车[抓狂]
0,这样儿合适么！！！！[抓狂][抓狂] //@郭燕娃: 亲娘类
1,过几天去北京，小崔一定要请我吃茶叶蛋，十个！[偷笑]//@大洋彼岸的绅士:为小崔鼓掌！[鼓掌]
0,[泪]不忍心这样冻啊
0,我爱吃噢，怎么定呢？[抓狂][馋嘴]
0,原定于13：30在吉隆坡召开的马方新闻发布会又延迟了。。。[失望]
1,[哈哈][握手] //@胡罗卜-829:太厉害了 //@王珠琼:谢谢。你的爱展销发展得不错吧？ //@爱展销赵洋:你太棒了[威武] //@王珠琼: 回复@柏龄品牌太极服装:[握手] //@柏龄品牌太极服装:[威武]支持全民健身，弘扬太极文化！
0,爱国有很多种方式，这样太不道德了吧，危害社会。请深思。//@?竹清:抗日不是残害自己同胞好嘛！长点心吧！//@北京城你不知道的事儿:缺心眼儿吧！！！一帮蠢货！！！//@北京全攻略: 开日产车的童鞋要小心开车前请检查[怒]
0,为毛就她特殊不弄肥香肠嘴[亲亲][亲亲][亲亲] //@晓语嫣然1213:[偷笑][抓狂]就差一颗媒婆痣啊！
0,[爱你] //@希腊的猫明明:[抓狂][抓狂][抓狂][抓狂][抓狂][抓狂][抓狂][抓狂][抓狂][抓狂][抓狂]
0,无耻的官员，应该交男监狱跟犯人们关一起![怒] //@邢瑞楠律师:祝你实现自己的梦想！
1,而且风景如画//@苏宁易购: 【招访谈用户】和美女聊天，体验新产品，逛苏宁办公园区，还有礼金拿！[嘻嘻]
1,又有人抵制京东了//@Hermann中国零售微博: 苏宁国美五星看过来，实体对付网购就该这样！[鼓掌] //@峰0708: 京东确实不便宜，到附近一个家电商场买单反，我跟店员随口说京东便宜，店员直接从旁边电脑打开京东页面，一看贵60，还没礼品送，哑口无言，默默刷卡，呵呵 //@许多小悦: 买同一型号的电脑，国美
1,//@我懒我堕我睡觉觉去://@海德堡旅游局:＂抵达之前，它还是个传说，离开之后，它成为一段梦幻。＂[鼓掌]@老燕子_YU @德国国家旅游局
0,我靠，真是，走在这种路上，保不齐就有人冲出来，家长都干嘛吃的啊，想后悔一辈子么！！害人害己[怒]
0,菜花黄，疯狗忙……[衰]果然是在菜花黄的季节
0,转起！@TwinTurboCC //@刘希平: 太嚣张了[怒] //@晏小吉:北京市朝阳区百子湾路苹果社区北区3号楼a座一楼[怒]这样横行恶霸的饺子馆还有理由存在吗[怒]//@徐小涵: 太?分了！我?本不?意?事情?大，老???道歉就好，?果他?不止?度?劣???要打我?女同事！甚至?有??要??房拿刀威?我?！
0,"这到底是春天还是冬天啊,潮得烦躁,有人又要拿吹风筒烘内衣裤了,要是能用取暖器多好[抓狂]"
1,文艺 //@懒人业余餐厅:“你到的地方，我也曾停留，如果将这当中的时间对折，我们就会遇见。” .......求对折！[偷笑][哈哈]@杨早
1,亲爱的。你们拍什么好玩东东了。 //@新月Judy:谢谢帅哥！谢谢一直支持乐视网?[可爱]
0,领导说，人生有两大遗憾：人死了钱没花完；人死前不知道自己能喝多少！[泪]求解酒秘方，呜呜，全身过敏
1,早上好，平常心[太开心]
1,这“起伏路”练的不是挺好的吗？[哈哈]
0,[怒]在@解无解 的指导下，我也曾是地精凤姐一只……
0,自杀也是一种解脱//@西班牙旅游魏思全:抑郁了[失望]何苦呢
0,我真的是被饿醒的[泪][泪][泪][泪][泪]要不要吃东西呢？再想会儿，也许一会儿就又饿睡着了[委屈][委屈]
1,这就是按顺序排的啊 //@北京底层_空亡线情人:底层人士表示毫无压力[哈哈] //@张艺--Zalman:空姐，这电梯，你能做吗？@北京底层_空亡线情人 //@怀念小时候的宣武大超子: [笑哈哈]
0,#自驾中国365#第314天，黑龙江省漠河县至内蒙古阿龙山镇。漠满公路要到明年9月才能修好，黑龙江段现在还都是挫板路，勉强能走。[泪]
1,#80公升爱在边境# 太美了！哈哈，旅行是最好的化妆品和保养品，你同意吗？[哈哈]
1,成都深夜来一发@[爱你][爱你]
0,#当爹进行时#天天睡着了，我把便当盒拿出去准备吃午饭，谁知就去洗了个手的功夫，一个不睡午觉的熊孩子打开我的盒子，把三明治全给揪出来当玩具了！[抓狂]
0,有大码的吗？？[晕] //@胡同印的胡爷:看好你俩，能穿Dior的时候告诉我，我送你俩一人一套???[赞] //@游局网shapple:在饭桌上…边吃边决定明天吃素 …需要多大的勇气……关键@游局网-代小娜 配合一起减肥……哈哈[偷笑][偷笑] //@胡同印的胡爷:这，这，这很重要？很重大？[挖鼻屎]
0,#汪汪在旅途#晚点，两个小时以上[衰] 我在:http://t.cn/zHscKhY
0,//@老败: //@梦夜开启小红赛高模式: 我就知道你又轮我了！[泪]
1,回复@唐绣儿游记:我在新西兰旅游呢。呵呵! //@唐绣儿游记:王老师798 活动怎么没去呀 //@幸运无比:果冻看你这照片瘦了呀![哈哈]
1,这...//@李一罡：太爽了//@王立凯Kane：居然是真的 //@杨-建国: 不成熟 //@轩爹Richard志国:很吃惊，盛大这么看重 Android game吗？ // @缪亚波 :经过证实确实是真的。 @白胖娘 说她作为HR都想报名参加一下 [嘻嘻] // @轩爹Richard志国 ：表示怀疑！盛大不至于这么不成熟。 @缪亚波 来澄清
1,98在央视和英文主播曹日做节目时见过咱们这位老乡，幽默健谈非常帅！[花心][花心] //@那英:单眼皮儿的帅男生！喜欢！[阴险]//@法图麦的妈妈: AUV，岁月真是什么来滴？[哈哈]
1,[哈哈]需求要挖掘 //@iamsujie:学习一下… //@子柳:给产品经理看的么？@iamsujie  //@白鸦:[哈哈]
1,#CNNGo#重磅推出－－中国最美40个目的地。华夏之美在于幅员辽阔，每地每处各具风情。我们历时半年，精心择选，将天朝广袤大地的绮丽风光用图文呈现纸（网）上。[可爱] 话不多说，请猛戳：http://t.cn/zWZnfkT @带你走遍中国
1,TOP 10 MEDIA APPS by REVENUE in CHINA: 请?丝各自找亮点[嘻嘻][嘻嘻][嘻嘻]
0,好吧，我错了[委屈]...可能专研西点太久，都忘记好吃的糖油果子应该是空心的，我还以为里面要有点懦糯的网状才好吃...[泪][泪][泪] //@爱慕虚榕:我对于“稍微有点可惜的是中间有点空心”完全无语，没有常识真可怕
0,@林淡颜  //@qiuqiu626:屡试不爽。。。[黑线]//@李明波Hamas: //@伪小饱:nb!//@高圆圆叔叔:湾仔码头...//@圣小火: 哈哈弯仔码头 //@布布徐:弯仔码头。。[衰] //@虫子不挖鼻屎不爽不舒服斯基:牛逼！//@倪手贱要绝食: 好方法！ //@不加V: [?]//@夏心蕾: 这是个市场~~//@Anda珊: 跪求！
1,[酷][ok][good] //@杭州西溪悦榕庄: 总统套房中[鼓掌][鼓掌][鼓掌]//@山豆更kerryzhou:杭州悦榕庄总统别墅内
0,真心跟不上时代的步伐了 //@圈儿-高:我擦！ //@妖孽琳:我这岁数生孩子是不是都得算是老来得子了[泪]//@艾小图:。。。。。。
0,[伤心][蜡烛]最后一张太刺眼了
0,有钱人？[怒]骗鬼啊！ //@冷笑话精选:厌恶人类？！[生病]
0,丫丫的！宰了他丫的！//@金娜:[抓狂][抓狂] //@袁岳:回复@W菩提叶:唉 //@W菩提叶:脸朝外屁股朝里也不知是什么时候留下的光荣传统！@金岩石 @巴曙松 @带头大哥777 @郭盛_evan @?春?candy @郎咸平 @刘强东 @潘石屹 @任志强 @芮成钢 @杨锦麟 @袁岳 @周立波
0,"what a shame thing that theres no clear domestic violence law in this great china, which is laughed at by a foreign bride. who knows how many women in china are facing this helpless even hopless situation![怒]"
1,各位亲们，帮帮忙哈，谁认识会跳草裙舞的朋友，需要在一档旅游节目里面串场，可以主持人口播或者自带标志广告宣传，希望可以推荐较专业的草裙舞者，serena在这里先谢谢大家咯！主要是我会跳印度舞和阿拉伯舞，但是这个草裙舞我真来不了，要不我就友情支持咯！[晕][晕][晕][晕][可爱][哈哈][呵呵][爱你]
0,国际宰人岛[怒]//@李开复:三亚政府有人上微博吗？ //@徐小平: 该整顿了！//@乐华娱乐杜华: 想当年我们也是指了下鱼，说这鱼不错，结果被告知，六斤八两，每斤一千块，我们说我们没有说要，结果被四大汉和二条狗围攻........结果搞到进派出所！//@赖晓凌:曾经在三亚被宰了3000多
1,[哈哈] 若是你拿苹果5的话，我拿果4跟你换/@西丰客人在1984:我报了“人文”类，拉票时间 http://t.cn/zjEHQ5F 等到mini搞到手，见面一人玩一次 [哈哈]
1,回复@sun19820316:我也不知道，只是以为你也来了。[哈哈][哈哈][哈哈] //@sun19820316:你把谁当我了[偷笑]
1,我去真的像哎 //@相声演员孙仲秋:有头发就是林林哥，尤其第三张@侯林林微博 [哈哈][哈哈][嘻嘻][嘻嘻@木易令公 @如意静妞 ]@张萌杰@龚浩川 @迟永志 @刘涛滔 @相声郭伟 @相声王威 @相声王彤 @Peach佳佳很靠谱 @悍将李宝库 @贾玲 @白凯南 //@微博搞笑排行榜:[哈哈][哈哈]
1,#??特?#anna siu 清新淡香水套?4mlx5瓶?特?215元，原?240，只有一套，先?先得![嘻嘻]
1,线上点餐进入账户后选择您想要的餐品，然后您会在右上角看到“您的菜单”，点击下方的“订单” 后会确认到您的信息和特色要求项（如图2）然后点“提交订单”就好了。刚我试过是可以的。如果有什么问题您可以再与我们联系[可爱]@?_小星
1,#无尽之旅# 保定白洋淀！明天我们就去[嘻嘻] @SW妞 @益西格格 @六零儿
1,山寨版专业摄影师[哈哈]
0,你还是白白净净滴好！[黑线]//@余少群: 为了不至于沦为一名“演戏民工”我可就指着这部戏火了[泪]，@导演王硕2011 @淼淼casey @陈冬冬制片人 《大戏法》的兄弟姐妹们，你们懂的[害羞][偷笑]
0,怀念我家那条老逝的狗狗[泪]看家护院十余载
1,#精品酒店免费体验活动#作为徐家汇繁华商业区最早的一家五星级酒店，同时也坐拥了便捷的交通，毗邻地铁上海体育馆站7、8号出口和内环线高架，漫步即可抵达徐家汇商业中心，与上海八万人体育馆咫尺之遥――@上海华亭宾馆 @元开微客 更多精品酒店免费房体验活动可登入 www.weibooker.com 抽取哦~[哈哈]
0,Farewell，MSN有太多美好回?[泪]
1,//@UC浏览器: 安卓UC8.4的HTML5性能再度提升，跑分已经飙至321分，可以带给大家更多更酷的HTML5体验。[嘻嘻] http://t.cn/zOlKwkn
1,[鼓掌][鼓掌][鼓掌]@陈玉霞博斐秀禾 //@生活禅在旅行:挑战和机遇都需要我们用心去感受这份奋斗与拼搏的心酸及快乐。当走过风雨、更上层楼时，随之而来的将是机遇与兴奋~[彩虹]
1,#做一回重庆人# 新?新，参?参，浪?浪??[围观][哈哈][哈哈]@渝小新 @延参法师
1,属于那个年代的经典[嘻嘻][嘻嘻]
1,"不要skinny ,只要slim，//@新浪每日英语推荐: 今天，你瘦了吗[嘻嘻]"
1,哈哈哈，好可爱的三明治，用心的妈妈啊[哈哈][哈哈]
1,祝贺@五彩基金 老师李倩茹@甜妞niuniu 喜得小龙女[心][太阳][鼓掌]@王潇2012
1,哈哈哈哈哈～～～[哈哈] //@veggieg:这个故事认识你们谁啊？都别自做多了好吧[懒得理你] //@何必管我会是谁:这个故事还告诉我们“说的比唱的好”是有难度的。 //@宁财神:这个故事告诉我们，即使是神，刷屏也要付出惨痛代价~~~
0,[赞]  //@鸿凌oasis:羡慕有这样的总统的米国人民啊[抓狂] ！ //@鸿凌oasis:总统也是人，理应有他可爱的一面。可爱的奥巴马[哈哈] ！ //@王缉志:很开心啊，哈哈。//@新心的空间：太符合人性了。 //@北京万圣一醒客:看人家这总统[赞] 让我们想像一下。。。[偷笑]
1,回复@人性的光辉1670751372:你对克历史不了解，前苏时期克就归俄，只是划并给乌克兰加盟共和国，就如重庆从四川划出来一样。你美国可以这样干，俄罗斯就不行，这不是赤裸裸的美帝强盗逻辑？再说你美帝不承认有用吗[哈哈] //@人性的光辉1670751372:科索沃公投这个逻辑是国人多数支持克公投的理由，但这
1,这是嘻哈包袱铺2013年度第9场个人演员专场，也是今年度的最后一场；用我们相声的行话说“撺底的必须是重量级”的[嘻嘻]@嘻哈包袱铺王惟 @百变连旭
0,你们的良心何在[怒][怒][怒]
0,全来了! //@财经相对论:@北辰购物中心//@张国庆看天下: 欢乐接龙，成功营销。 //@王晟Daisy：充满了欢和爱! //@交通银行信用卡中心:肿木回事？ //@民生信用卡:同右！ //@招商银行信用卡中心:同右 //@中信银行信用卡:感谢右边//@华为中国区:不是我们弄哒[抓狂] @杜蕾斯官方微博:感谢华为没忘记带上杜杜
1,到福建省旅参加自由行，参加不知什么一天游，导游居然没卖紫荆花钥匙扣，还在海洋公园里吃得好玩得好竟然还不进购物店[哈哈][哈哈]我说这种团正是香港中旅独家的呀！但转念一想为什么连常来香港的职业领队都不知道我们的产品，这些活跃在服务最前线的孩子都对香港中旅产品无感，我个人及团队都该反思
1,回复@风马獒:要先稳住，然后稳中求进，寻求改革。以时间换空间，在发展中解决问题，恐怕是最佳办法了。 //@风马獒:整要出事，不整也出事，那咋整?[嘻嘻]
1,回复@Cheng-大橙子:我等你！[嘻嘻] //@Cheng-大橙子:明天我也在那
1,[飞机][鼓掌]
1,回复@异乡人_小柏:是。?女?不需要?心老人家的?固醇。//@异乡人_小柏:按台湾某教授的说法，曾先生这一餐就是满汉全席了。[哈哈]//@蔡?:回复@Kenlies:??以後加一?肥?肉。//@Kenlies:蔡生写过茶叶蛋，煮好浸一夜之后落白兰地
0,宝贝[爱你][爱你][爱你][泪][泪][泪]
0,#五湖四海公益#@五湖四海公益网 //@老大笨象://@绿色志愿者总召集人: [泪]微博阅读5.6万，可是还是没能解决……[泪]他是一个天才；他是一位贤者；他是一位父亲；他有着别人没有的痛苦！ 一个小伙子，43年照顾疯傻的孩子，没有时间去工作，现在变成了一位老人！请爱心人士关注，详细看网址。
1,这？ //@骑桶的周格格船长: 美美好可爱[哈哈][亲亲] //@郭美美Baby:有必要搞那么复杂吗？只是朋友邀请我去参加，但因筹备新电影忙不暇接，所以开拍2小时后我就先离开了，某些嘉宾接待员说我去蹭照片，我一直都和邝美云、廖碧儿坐在1号台，没看到喜欢的珠宝所以没竞拍这也被媒体拿来说
0,北京餐饮的盛会，西餐协会会员单位主要是西餐厅、咖啡厅、外国风味餐厅，北京饮食行业协会主要是优秀中餐厅，北京烹饪协会会员单位主要是老字号等//@张何：回复 @张永捷:[抓狂]张总不满意，后果很严重。 //@张永捷:不能推荐个中餐吗？我不喜欢汉堡。
0,[衰][黑线][晕]
0,明显是活腻了 MD[怒]
0,其实真实比这更残酷//@毛豆宝宝小脚印: 这就是真实的北京吗？[泪]
0,[蜡烛][蜡烛][蜡烛]//@中大pqing: 有情有义[蜡烛] //@peng树挺:[蜡烛][蜡烛][蜡烛] //@kangmeikangmei:[蜡烛][蜡烛][蜡烛][泪][泪][泪]
1,是从回转寿司得来的灵感吗？[哈哈]
0,Keywest之后…还有之后…[晕]@徐家二胖 @Jimmy赵锐
0,谢谢我亲爱的叔，我今早抵京，现在首都机场马上飞郑州[泪][泪][泪]很想您吖
1,#小编传送门#小编也好想去喂喂鸽子大人[抱抱]
0,老爷子一路走好。[泪][蜡烛][蜡烛] //@七块板儿:[蜡烛][蜡烛][蜡烛] //@沈之骅-孤独行者:#请插入话题名称#//@天津江米小枣:[蜡烛] //@忽略的马甲:[蜡烛]//@许克八角鼓:悼念 //@紫气东来东来:[??]
0,太滑了！鸟叫得很欢腾，我的道啊[失望]
1,塔瓦纳系列图片哦~~[太开心]
0,人王老师都做俩梦了，我还在听火车烙馅饼[抓狂]失眠的人可以给大家最准确的北站列车时刻表[哼] 我在这里:http://t.cn/zHecjD7
0,回复@红豆大福包:啦啦啦啦啦~~你看我忙的都没时间发微博了呢 //@红豆大福包:[衰]你好无聊
1,我在五原三号(签到1次)：下午茶[哈哈]  http://t.cn/zQVDG7B
0,#小西驾到#原来那个被王小贱骂很惨的是陆三金呀。。[衰]
1,我的食堂之一！[哈哈]
1,@?婷玉Athena 你上榜啦???[鼓掌]
1,享受生活好方法[鼓掌]//@花花露166: //@刘忠良v: 【假期过后如何尽快抖擞精神】
0,电影导演一般夸大点，我们都习惯了。//@九度智力集团马斐:牛夸得有点大@举世牛: 读万卷书，要向你老大@九度智力集团马斐 斐哥学习，行万里路，要想@大鹏背包走天下 学习，阅人无数，他俩的年龄在那里放着，向我学根毛[泪]
1,帮转[哈哈] //@莫斯科游子的丽江: 亲爱的朋友们，请帮忙转发，帮我赢取新浪新鲜旅！[花心][哈哈]只要转发量超过30次便有机会啦！
1,回复@越走越远119:哦 //@越走越远119:回复@新浪图片博客活动花絮:回来啦！[哈哈]
0,上次坐海航，办托运时那个工作人员就很紧张地问我行李里有没有锂电池，有的话要拔出来，看来真的会起火[吃惊]。不过，以后圆通和韵达要变慢递了么[失望]
1,[哈哈] //@王莉莉-经纪人:回复@F冯佳佳:特别是电影中晓超跟晓攀的对手戏，比他俩的相声还有意思[鼓掌] //@F冯佳佳:@张杨果而 女主角演的也不错
1,#人在旅途##带着微博去东京#一想到直飞就开心，不用折腾转机[哈哈] 我在这里:http://t.cn/zT9unck
0,所以应该普天欢庆嘛！[呵呵]//@手写瑶笺: 各种国庆节促销[泪]
0,运气会不会太好？一气儿三个章！第四个团团卖关子去？[偷笑]好吧，其实团团的书也没到！[抓狂]
0,[吃惊][汗][泪]还能不能活下去了[怒]
1,[握手]感谢各位支持，我们一定会更加努力！ //@何巨-天使投资人:加油//@七洲老字号: 一路走来不容易啊！大受彭舞～加油加油！[太开心]//@黄俊毅Eric: 得到大牛的认可就是最大鼓舞，加油吧！
1,//@笑话大王彭彭: 回复@静萱alice:每个试卷上都有，线外不要答题...... //@静萱alice:亮点是那个“不要答题”[偷笑][哈哈][嘻嘻][笑哈哈]
0,看明白了，表嫂和方是夫妻关系 //@姜超峰律师: //@刘仁堂律师: //@海南-李超: [围观][话筒][伤心] //@张修林微博: [话筒]  //@童大焕:我们都在看着你！转发就是力量。 //@兰心文娟:  //@鸿文开腔: 别把方大国和幕后表嫂给忘记了 //@ICO刘开明:
1,Hi. Guys. [嘻嘻]
1,啊哈哈哈，?啦！[哈哈]
0,太赞了！每个城市最吸引人的就是这些集市了，有集市控的驴友们请举手[鼓掌]//@沈太玲:[呵呵]有幸来了新疆两次，这两个巴扎都给我留下了太多美好的印象！想减肥，在新疆咱就别指望了[抓狂][泪] //@安徽含山:喀什大巴扎比二道桥的大巴扎还有名，你见到真正的大巴扎了，恨自己的胃小吧。@昌吉发布
1,回复@力儿的妈2010:哈哈，夏天去，必须滴，否则没劲儿！[马到成功] //@力儿的妈2010:[给力]毕老师您好！吐鲁番还是很漂亮的！就是不能赶到夏天去，太热了！ //@俺叫老鬼:回复@拍客老李:再去高昌故城徒步呗！[嘻嘻][lxhx走] //@拍客老李:我和老爷子一样热爱吐鲁番
1,对于旅游总是兴趣那么大~~左边这张图最美了~~[偷笑][鼓掌]
0,哈哈！大仁哥！ //@周诗彤:你又忘爱特我了[泪]
1,不错。。。喜欢[嘻嘻] //@响指:其实吧，我觉得我们也挺体面的//@法特的诗: 转给年轻人，放弃那些体面的工作，放弃那些庞大的机构，放弃那些无聊的同事，是为了不放弃你的青春、快乐和梦想。//@面倒啊: #致富信息#//@网易花田: 好玩的工作，见到的转发一下呗，也许你有朋友喜欢这个工作呀。[xkl亲亲]
0,早起被几张自称为街拍摄影师的图片恶心了[抓狂]自己奇装异服上阵，只能博眼球~不能博欣赏！国内很多看客的审美观本来就不健全，再被这种走几的摄影师引导，审美就更走几了！时尚需要良知[抓狂]
1,M 半夜不睡的还有俺们[嘻嘻] //@何以文潇默:再一条：半夜不睡得基本都是公关公司得。。。比如转发得这位，比如我身边一起吃夜宵得爷们～//@Hannibalism:过来人！
0,早安。一路顺风哈哈哈。。。。早点拍完回家～[抓狂][抓狂][抓狂]@再见雨辰 #美图秀秀Android版#
0,享受巴厘岛穆丽雅酒店的下午茶，美景美食就在眼前，很快我就变黑胖子啦～ 木有比基尼就罢了还发美食素不素有点不道德…[嘻嘻][哈哈] （亲们，Morning。网络时好时坏昨天的微博竟然没发出去。）[晕][晕]
1,新年快乐！[哈哈]
1,咕噜噜和我长的一样煽情可爱[哈哈][威武]你们的母爱在浮躁的周末被激活了吗？？那就开始喷奶吧[偷笑]
1,[哈哈]//@潇潇_Alex: 看我犀利的小眼神(?_?)
1,[哈哈]//@李开复: [哈哈]//@作家崔成浩:你们两个周一到使馆报到！[哼]//@罗昌平:现实需要最后那一下 @作家崔成浩
0,航拍，航拍，真叫人抓狂啊[抓狂][抓狂][抓狂]
0,最近挑剔缺乏耐心的诸多恶行啊[泪]有得罪过的一并致歉了。对不起[委屈][泪]
1,长久给我们带来幸福感的是体验、经历和相互滋养的关系--适用于婚姻、爱情、工作、学习与友情[鼓掌][鼓掌]//@Guojun的空间://@伤不起的经济学:文章写得很透彻，值得大家仔细品读！！
0,//@老大笨象: //@海南世外人: //@海口冯磊:众人拾柴火焰高，让爱升华，让生命延续并精彩。 //@椰岛刘燕飞:谢谢冯兄，是我老家同学的同事。[泪] //@海口冯磊: //@实时直播进行中:请找@孔智勇.他是大善人！  //@佛山背后:关注[话筒]
1,回复@范泓:哈哈哈[嘻嘻][哈哈]//@范泓:[嘻嘻]2
0,245/750=?付出与回报会成正比吗？[悲伤]  累了，太累了，可是我能放弃吗？累！
1,吼吼，这个对话太经典了[太开心] //@王皓Ryan:司机想太多了，他起不来是年纪到了，塑化剂是影响下一代的发育
1,[哈哈] //@刘谦: @王力宏 我...我想我被打到失?了，??件事都不?得了。怎???!??
0,[馋嘴][抓狂]这几个广东特色小吃和菜品，会不会把北方的朋友吓跑呢？
1,说的真好? //@伊能?:当让座给人的时候，他会愣一下，你会害羞的傻笑。他若依然不动，你便补一句：「您坐。」声音洽好他听的到。然后他坐下。两人不再交集。但心里都漾起温暖。那时施和受都是正能量，因为他们心里都充满了爱。[爱你][爱心传递][鼓掌]
1,@唐师曾 老师的出现令现场气氛达到了高潮，我就是他左边的那个“纯爷们儿”[哈哈]
0,以后搭飞机行李能不托运尽量不要托运，损坏是小事，丢失是大事。人家全体机组人员都下班了，行李还不知在哪呢？[怒] 日子就是一个红眼航班接着一个红眼航班。[泪]
1,总算是没辜负了这难得的好天气，因为心爱它所以拥抱它，这里是北京，这里是二环一圈37公里的家。[爱你] 我在这里:http://t.cn/z8Ail28
1,GRD，有钱人哟[嘻嘻] //@宝宝冰冰666:我买了一个，23800.现在还在
1,hello 寿星婆[嘻嘻]最近在减肥，成绩斐然，瘦8斤了，所以即便是生日，也不敢大意，生日晚宴特别选了一家素食馆。就凭这个，老天也要保佑我今夏瘦到90斤哟[威武]
1,我也想种一棵樱桃树，这样我就可以每天都能吃到樱桃了[馋嘴][可爱][哈哈][嘻嘻]
1,[哈哈]高帅富的美国大货车！
0,就是10号线！！！[抓狂][抓狂][抓狂]//@北京全攻略: 乘地铁的孩纸真心桑不起[泪流满面]//@pipboy: 珍爱生命，远离地铁！尤其是10号线…
1,[赞]节约是节约了，可是有些地方分量太少，在半份还怎么吃//@桔猪: 这真是个好的开始。不过呷哺呷哺是卖萌呢，还是裹乱呢~~他们那一份菜量也不比半分的多啊~@鲤鱼登场 @琴雨声 @宠爱II 同意吗~[嘻嘻] //@针线笸箩:支持！坚决不浪费！
0,哈姆希克你做为一高帅富调戏我们?丝球迷有意思么？有意思么！有意思么？！[衰]
0,//@全球新鲜资讯: 理想给现实多少时间？被狠狠戳中泪点了~[泪]@P出真相
